MSOA Code,areaName,Not United Kingdom (%),Owned: Owned outright (%),Owned: Owned with a mortgage or loan (%),Social rented (%),Private rented (%),Household spaces with no usual residents (%),population_density,population_prop_over65
E02000001,City of London,36.6779661,24.9,17.4,16.5,35.9,20.7,33.54382333,0.168912663
E02000002,Marks Gate,23.85239852,22,24.4,41.8,9.9,2.9,35.77705828,0.130446025
E02000003,Chadwell Heath East,28.39223494,26.8,38.4,11.6,21.6,2.8,52.16619981,0.117057455
E02000004,Eastbrookend,14.39663539,31,41.8,16,9.8,1.9,26.82310469,0.15717063
E02000005,Becontree Heath,24.9591217,22.3,36,24.9,15.1,2.7,87.81144781,0.08857362
E02000007,Central Park & Frizlands Lane,24.26345126,16.2,23.9,48.3,9.7,2.6,57.88018433,0.106588376
E02000008,Becontree East,23.59754516,15.4,30.3,38.4,14,1.1,89.16901408,0.105038698
E02000009,Becontree West,28.93388922,15.2,30.7,30.6,19.3,2.4,123.0905307,0.073801674
E02000010,Dagenham North,24.15554266,14.1,31.2,36.3,15.7,1.6,82.10526316,0.094632768
E02000011,Dagenham Eastbrook,25.40811379,29.4,37.1,12.6,19.2,2.5,43.8770389,0.121246783
E02000012,Longbridge & Barking Park,32.35234628,28.7,40.5,14.6,14.6,1.8,86.85384615,0.107962094
E02000013,Becontree South,24.86312783,15.3,30.7,37.8,13.9,1.5,68.56704981,0.099798838
E02000014,Dagenham Central,25.29249096,15.8,28.1,40,14.9,1.7,83.39480302,0.10764901
E02000015,Old Dagenham Park & Village,27.15853497,11.6,19.3,50.6,15.9,1.9,60.13215859,0.092429792
E02000016,Barking Central,58.40281397,5.5,17.1,35.4,39.9,4.4,113.1038375,0.034627283
E02000017,Barking East,50.49423394,23.5,33.4,9.8,31.5,2.4,105.7582668,0.085283019
E02000018,Mayesbrook Park & Rippleside,28.42519685,12.1,26.7,42.2,17,0.7,71.05301915,0.084257436
E02000019,Goresbrook & Scrattons Farm,27.86370227,13.4,32.9,34.7,15.7,1.8,30.19749835,0.092544147
E02000020,Creekmouth & Barking Riverside,39.60758948,15.1,27.8,36.4,18.3,2.3,39.06112899,0.075177836
E02000021,Rylands Estate & Dagenham Dock,33.36285425,19.7,34.2,19.2,24.3,3.6,31.05555556,0.102191413
E02000022,Gascoigne Estate & Roding Riverside,49.64110744,4,10.8,63.2,17.3,0.7,109.2523364,0.040083099
E02000023,Thames View,36.59364394,8.4,21.1,52.3,16.3,1.5,45.98280802,0.053090728
E02006799,Becontree North,27.0602706,16.1,29.8,34.2,17.9,2.7,74.29985856,0.111936037
E02000024,High Barnet & Hadley,21.23867664,36.7,37.3,5.2,18.3,4.5,95.68728522,0.097234692
E02000025,Hadley Wood,23.32830568,29,33.7,14.1,21.1,2.8,29.45391582,0.199511622
E02000026,Oak Hill,24.72675432,38.1,37.9,5.3,16.2,1.7,34.75020816,0.167964538
E02000027,Ducks Island & Underhill,27.02646385,23.7,28.9,34,10,1.7,44.97271487,0.192173517
E02000028,New Barnet West,25.42977619,35.5,36.2,3.6,23.2,1.3,57.54029851,0.167254617
E02000029,New Barnet Town & East Barnet,23.11846894,27.4,36.2,9.6,25.3,1.4,64.47916667,0.15993538
E02000030,Totteridge & Barnet Gate,24.08543264,42.5,35.2,11.3,8.9,4.2,56.08902077,0.131837901
E02000031,Oakleigh Park,33.60296134,38.3,29.1,8.2,22.5,2.8,6.338569175,0.229520615
E02000032,Osidge,32.37877052,42.4,43.4,3,10.2,1.6,40.51572976,0.206339104
E02000033,Brunswick Park Road,29.55370739,30.8,36,14,15.7,2.4,55.58655222,0.186076438
E02000034,Whetstone East,32.54583921,29.9,34.4,9.8,23.8,1.8,50.1295045,0.153431428
E02000035,Woodside Park,41.64469554,28.1,27.5,12.9,29.3,3,60.05134788,0.160752458
E02000036,Edgware East,36.28409197,27.8,37.4,12.6,19.5,2.4,69.93066256,0.167456208
E02000037,Edgware Park,33.27173801,32,33.3,20.2,12.1,2.2,64.87465181,0.144267926
E02000038,Friern Barnet,35.39090736,26.3,37.1,9.7,24.4,2.8,24.40333025,0.173237301
E02000039,Mill Hill Park,31.14606742,34.2,38.7,4.1,21.8,4.1,65.11060692,0.142259779
E02000040,Mill Hill East,34.3198555,28.9,27.5,24.9,14.6,3.7,34.02908068,0.160716747
E02000041,Edgware Central,42.44694132,29.1,31.3,11,26.6,3.3,16.3957323,0.157004259
E02000042,North Finchley,46.40473729,24.9,28.1,8.7,35.6,2.5,74.38102298,0.150787323
E02000043,West Finchley,41.37214137,36.5,34.5,2.4,25.2,2.5,100.9645507,0.140197599
E02000044,Mill Hill Broadway,39.1277413,17.9,29.2,30.8,18.9,2.2,55.86113002,0.160370461
E02000045,Colney Hatch,36.12386441,19,31.2,21.4,24.9,2,80.18066847,0.10691753
E02000046,Church End,45.24989381,25.2,25.1,4.6,43.7,2.5,63.08357349,0.110461398
E02000047,Burnt Oak & Watling Park,49.21304845,14.8,26,31.1,25.2,2.2,78.66873065,0.122261577
E02000048,Copthall & Downage,38.18885607,32,36.6,5.3,24.7,2.2,87.35583685,0.111898245
E02000049,Grahame Park,46.85405151,6.7,12.7,62.3,13.3,1,34.71789883,0.165872793
E02000050,Fallow Corner,37.85771065,22.7,27.9,24.8,21.9,1.7,120.2538071,0.079252849
E02000051,Finchley Central,42.7084538,33.8,24.9,6.2,32,4.2,51.90947666,0.137783833
E02000052,East Finchley,34.93503815,23.7,27.9,16.4,30.2,2.5,68.12974465,0.182232577
E02000053,Colindale,57.180637,19,24.2,15.5,37.2,3.6,109.5252838,0.129181193
E02000054,North Hendon & Sunny Hill,52.05384402,24.4,29.6,6.8,37,3.8,107.6451613,0.067305963
E02000055,Hendon Central,51.03324349,24.7,21.1,14.4,37.2,4.4,50.98666667,0.121731172
E02000056,Hampstead Garden Suburb,33.38037343,40.7,29.2,5.4,21.9,5.8,83.29166667,0.127730532
E02000057,Hendon Park,44.21432389,29.1,25.8,6.1,36.7,4.9,29.77688255,0.18774066
E02000058,Temple Fortune,39.5890411,35.8,26.4,5.6,30.5,3.4,74.56621005,0.11524801
E02000059,West Hendon,54.64193518,22.2,23.3,23.6,28.8,2.4,60.40264755,0.174230664
E02000060,Golders Green North,43.11355311,27.4,21.9,7.4,40.9,3.9,54.11577028,0.112187316
E02000061,Golders Green South,50.86734057,31.3,19.5,3.1,43.3,6.7,100.1865369,0.129523193
E02000062,Brent Cross & Staples Corner,50.78864353,15.3,21,30.1,30.9,2.2,57.81348456,0.148991826
E02000063,North Cricklewood,56.14689428,27.6,25.9,6.3,37.6,3.1,38.1783578,0.099843327
E02000064,Childs Hill,47.66325224,22.2,19.3,25.4,30.3,3.8,76.71166827,0.119421747
E02000065,Crossway Park,40.25567441,10.9,40.2,22.8,24.4,5.2,87.2418136,0.121408979
E02000066,South Thamesmead,35.36977492,13.3,22.5,50.3,12.7,6.1,27.92823713,0.078985588
E02000067,Belvedere & Lessness Heath,22.57142857,20.3,37.5,19.5,21.1,3.2,64.72981564,0.112060499
E02000068,Erith East,26.27233351,15.6,31.5,23.9,23,3.6,45.17718237,0.102544481
E02000069,Erith West,17.30707136,33,37.8,12.6,15.2,3,36.10475352,0.092527124
E02000070,Lesnes Abbey,12.66031746,41.9,39.7,7.7,8.8,2.5,47.62922123,0.161336999
E02000071,Northumberland Heath,10.36986301,32.8,44.1,11.4,10,2.7,43.52909483,0.188884763
E02000072,Slade Green & Crayford Marshes,19.78012613,12.2,28.7,44.2,13.5,2.1,64.85156913,0.142688988
E02000073,Bostall,11.10593062,42.4,46.8,4.1,5.6,1.8,29.80342857,0.083441982
E02000074,Lesney Farm & Colyers East,12.50163292,19.8,32.1,36.1,8.4,1.7,67.86875,0.19209872
E02000075,Bursted Wood,9.109209864,46.3,41.9,5.5,5.4,1.6,76.90876882,0.137164574
E02000077,St Michael's,12.52716349,34.1,46.7,9.6,8.2,2.4,53.55700326,0.236345943
E02000078,Barnehurst North,7.38421396,38,48.6,4.2,7.9,1.5,73.53625783,0.163257852
E02000079,Bexleyheath Broadway,12.40940877,38,40.3,4,16.1,2.7,53.23924731,0.191365817
E02000080,Welling,14.5281018,38.4,42.6,6.2,11.1,3,53.2038835,0.195597628
E02000081,Barnehurst South,8.691601225,37.4,39.1,14.1,8.3,1.9,61.09929078,0.167827433
E02000082,Falconwood,10.17350158,39.6,50.2,0.5,8.1,2.7,36.65457842,0.203438041
E02000083,Crayford,10.25483574,27.1,43.3,17.9,10.4,2.1,61.60213618,0.166558301
E02000084,Danson Park,10.14002443,40.3,45.8,4.2,8.4,1.9,30.93875368,0.133644537
E02000085,Blackfen,8.298492335,36.1,48.9,4.4,9.6,2.5,42.71781033,0.191589207
E02000086,Lamorbey,7.478165939,39.6,50.3,0.8,8.3,1.6,49.5320197,0.169070114
E02000087,Bexley Village,9.077714738,45.7,39.1,4,10.1,2.5,48.89858966,0.19228128
E02000088,Albany Park,8.116841153,41.9,47,3.3,7,1.7,21.61733046,0.215610606
E02000089,Longlands & Halfway,7.272260054,41.4,46.7,5.1,5.8,1.4,39.00950475,0.193767633
E02000090,Sidcup West,10.42860417,35.3,35.6,9,17.8,3.2,57.04678363,0.203357253
E02000091,Sidcup East,10.94815121,37.3,32,16.2,13.4,3.8,52.39226519,0.201096699
E02000092,Foots Cray Meadows,10.58201058,24.1,31,32.7,9,2.3,36.49231895,0.22872607
E02006785,Wickham Street & East Wickham,14.64598997,34.6,38.9,15.1,10,2.5,115.9536542,0.113604919
E02000093,Queensbury South,56.89607645,32.5,31.3,11.8,21.1,1.8,11.32009346,0.160695857
E02000094,Kingsbury East & Colindale,55.06517265,27.4,31,14.5,23.9,2.6,48.86847906,0.18373177
E02000095,Kingsbury West,60.00403185,32.9,27,12.8,25,2.1,80.31227306,0.148928475
E02000096,Kenton Woodcock Park,50.93445644,40.8,34.6,4.3,18.6,2.5,79.69931271,0.135604182
E02000097,Kingsbury South,54.92297388,30,33.1,10.8,24.4,1.9,63.87346675,0.172225591
E02000098,Barnhill The Avenue,56.10523666,26.2,27.5,18.2,25.4,2.9,45.56234719,0.229272874
E02000099,Preston Park & East Lane,57.34466521,25.2,26.6,13.6,31.1,2.4,48.24692678,0.144898637
E02000100,Northwick Park,52.52742012,33.3,32.2,16.4,16.1,5.4,45.38879826,0.151311849
E02000101,Forty Lane,56.47235319,17.2,20.3,31.6,26.6,2.4,68.93550894,0.124887286
E02000102,Welsh Harp,55.37434185,24.2,21.6,23.6,28,1.9,41.96729197,0.17008596
E02000103,Dollis Hill,53.42198785,23.6,23.8,25.8,23.7,2.4,68.10541311,0.146203723
E02000104,Wembley North,57.21885621,30.9,27.2,11.5,26.9,2.4,55.75423105,0.119308433
E02000105,Sudbury East,59.93262334,20.5,28.9,14.1,33.9,2.3,52.0993228,0.132257366
E02000106,Neasden,58.87246746,20.3,21.7,18.6,36.8,2.7,65.47833935,0.170365265
E02000107,Cricklewood Anson Road,54.95697718,17,18.9,15.3,47.3,3.2,71.13868613,0.121177919
E02000108,Sudbury West,60.4799514,24.9,29.9,15.7,27.2,1.5,79.74645787,0.113428091
E02000109,Tokyngton,61.73965937,24.2,22.8,14.9,32.8,4.5,120.9528796,0.107869449
E02000110,Dudden Hill,51.9104736,23.1,22.6,20,32.7,1.9,80.6396064,0.140024405
E02000111,Wembley West,66.31568186,24.4,26.4,13.3,33.3,1.9,69.67542504,0.0981958
E02000112,Wembley East,66.49703138,26.8,25.1,9.1,35.8,4.4,107.359199,0.128351597
E02000113,St Raphaels,47.96478509,8.8,13.4,59.2,14.9,1.4,97.03900709,0.122419149
E02000114,Willesden Green,53.38512764,13.2,17.4,20.6,45,2.6,82.9787234,0.118708452
E02000115,Brondesbury,46.7146283,13.9,18,26.4,39.6,3.5,65,0.108957081
E02000116,Roundwood Park,58.42021342,10.1,12,32.9,39.9,2.1,162.6101142,0.102829053
E02000117,Church End,52.56805128,9.4,13,47.2,26.6,2.1,102.6619552,0.118747132
E02000118,Alperton East,65.23076923,22.2,29.9,20.4,24.9,1.6,85.83029197,0.080684597
E02000119,Stonebridge,49.98620309,5.2,7.7,66.3,15.3,2.7,144.5842697,0.108874728
E02000120,Kilburn West,46.77664424,13,20.5,23.6,41.3,3.3,84.64343598,0.110483485
E02000121,Alperton West,69.22646367,26.7,26.4,9.4,33.7,9.2,35.23920653,0.099448124
E02000122,Brondesbury Park,43.48310434,26.9,27.5,17.9,25.4,3.2,182.7470356,0.107169893
E02000123,Harlesden,54.94259121,8.9,15.1,33.9,39.1,1.9,77.13978495,0.11959855
E02000124,Queens Park,42.22265701,17.7,23.3,20.7,36.2,2.6,64.14309484,0.151750973
E02000125,Kensal Green,44.56773,21.6,26.8,21.4,28,2,150.8695652,0.085174512
E02000126,Kilburn Park,49.58199357,4.3,7.6,72.1,13,1.1,91.21239745,0.107935239
E02000127,Mottingham,15.63126253,20.9,30.7,35.8,10.4,5.4,132.5848564,0.1262308
E02000128,Chislehurst North,11.25582671,30.8,43.1,12.5,12.4,3.3,177.1689498,0.103737113
E02000130,Penge East,24.80414455,22.1,36.8,19.1,19.9,3.9,42.22921348,0.131545338
E02000131,Crystal Palace Park,30.79070806,10.4,28.3,26.4,33.4,2.8,30.59913283,0.171325518
E02000132,New Beckenham,21.32601844,24.6,28.5,15.1,29.3,3.6,58.93001346,0.132808039
E02000133,Chislehurst West & Elmstead,14.19945867,45.2,39.7,2.5,11,5.5,60.48104131,0.069804435
E02000134,Bromley North & Sundridge,18.91766453,22.5,34.9,17.1,23.9,5.5,59.05063291,0.145279158
E02000135,Anerley North & Penge West,30.19313746,7.6,17.7,50.5,21.4,3.1,17.76811109,0.206967985
E02000136,Chislehurst East & Hoblingwell Wood,12.77932961,37.1,35.4,19.3,5.9,4.9,62.52713178,0.128853624
E02000137,Shortlands Bromley Road,17.54408382,35,37.8,7.4,18.8,3,92.39412273,0.097754911
E02000138,Beckenham East & Kelsey Park,18.5609879,39.1,33.1,3.5,22.5,3.9,12.69576662,0.225984796
E02000139,Clock House & Cator Park,15.54091159,23.8,43.3,13.4,17,3.4,45.88393337,0.194285045
E02000140,St Mary Cray North,11.44136301,19.5,26.4,45,6.4,1.8,41.01199041,0.233072155
E02000141,Anerley South,20.37463977,22.5,42.1,14.8,18.8,5.3,52.03125,0.116116116
E02000142,Widmore,15.90826795,34.1,42.3,5.9,16.1,3.7,46.80975093,0.125551908
E02000144,Bromley South,21.16115655,31,37,5.2,25.3,4.7,79.8392283,0.118539401
E02000145,St Mary Cray East,14.40761811,19.3,31.1,36.4,10,2.7,49.73033708,0.178038861
E02000146,Bickley West,13.62325805,28.8,44.5,8.2,16.4,4.5,50.49874055,0.141061453
E02000147,Langley Park,13.77839127,46.7,39,3.7,9.8,2.5,8.086162574,0.123766718
E02000148,Bickley East,12.13363705,44.2,40.3,6.6,7.8,2.8,53.3481153,0.150976725
E02000149,St Mary Cray South,10.91074209,29,38.1,21,9.9,2.1,36.67555556,0.203102278
E02000150,Eden Park & Bethlem,12.77691294,35.3,46.3,9.2,8.2,2.3,24.04346277,0.218550896
E02000151,Petts Wood,10.45682598,48.8,42.6,1.6,5.8,1.7,43.54976051,0.156177441
E02000152,Bromley Common,13.83140596,25.7,35.5,31.3,5.4,6.1,28.2840429,0.166264506
E02000153,Hayes North,7.749838814,43.5,49.1,3.4,3.4,1.7,36.37963844,0.220217079
E02000154,Orpington West,12.95388868,38.3,37.7,9,13.4,3.2,31.10376992,0.134574535
E02000155,Orpington East,10.1230992,44.6,37.6,8.6,7.3,2.2,34.90213523,0.193346928
E02000156,West Wickham,9.781709939,44.7,40.6,5.1,8,2.8,40.82933845,0.19126453
E02000157,Crofton,9.279256655,51.7,38.9,1.9,6.3,2.5,38.13979086,0.245310245
E02000158,Goddington,11.62411733,40.6,31.1,22.4,4.6,1.6,31.79026802,0.228861423
E02000159,Keston,10.24662361,48.4,39.7,2.4,8.1,4.8,33.53349673,0.233280546
E02000160,Hayes South & Coney Hall,8.146639511,42.3,44.5,2.7,9.4,2.5,36.38593244,0.20259443
E02000161,Orpington South,11.12960761,44.9,45.7,2.3,6.3,1.7,11.82466871,0.237787356
E02000162,Farnborough,9.651875093,41.3,32.8,17.8,7.1,2.6,9.490483509,0.205281515
E02000163,Chelsfield & Green Street Green,7.803921569,43.4,41.1,6.6,7.3,2.1,51.12274578,0.192535275
E02000165,Biggin Hill West,5.308729595,34.1,53.7,4.8,5.6,2,5.488244514,0.251320862
E02006782,Plaistow (Bromley),17.28556485,33.2,36.6,20.5,8,4.8,108.9445438,0.101642036
E02006787,Elmers End,13.64234922,32.7,45.7,9.3,10.6,2.4,150.0672043,0.086699507
E02006789,Biggin Hill East & Cudham,5.398257623,47.5,37,4.4,8.7,5,160.4214559,0.085980416
E02000166,Highgate West,28.02877335,25.3,19.8,36,16.1,4.2,6.82851331,0.226136511
E02000167,Hampstead Town,38.10422961,37.1,18.5,8.4,33.4,6.9,12.32250088,0.177010176
E02000168,Tufnell Park West,28.04698972,21,21,29.3,26.7,2.4,30.96538462,0.179977643
E02000169,Frognal,44.80817075,34.6,20.9,7.4,34,7.4,54.03183024,0.149484536
E02000170,Fortune Green,42.15639242,21.2,23.4,11.3,42.2,4.9,2.89433794,0.272181146
E02000171,Mansfield Road & Park Hill Road,34.82987976,22,21.3,25.9,28.3,3.5,30.82010582,0.193347639
E02000172,Kentish Town West,35.00542032,9.7,12.1,58.9,16.6,1.6,46.53531956,0.182672449
E02000173,Fitzjohns & Royal Free,51.88273616,24.5,15,14.7,43.1,5.1,142.246696,0.135645711
E02000174,Kentish Town East,36.65366078,13.7,17,41.4,25.9,1.9,87.00801425,0.158428001
E02000175,West Hampstead,44.02124774,15.2,17.4,20.3,45.3,3.6,129.6108949,0.119283498
E02000176,Belsize Park,48.98791778,26.8,19,8.8,43.3,5.5,182.5911708,0.143698097
E02000177,Chalk Farm,35.60572195,12.3,13.9,49.1,23.1,2.9,185.3811659,0.10845025
E02000178,Kilburn Grange,45.37653833,10.1,16.8,32.7,38.7,2.2,131.322208,0.12170088
E02000179,Adelaide Road,43.54558382,21.3,15.2,31.9,30,5.2,191.7032967,0.107958345
E02000180,Camden Road South,37.58839307,13,16.1,38.2,31.1,4.2,169.0895954,0.097513033
E02000181,South Hampstead,45.62791905,20.3,22.2,15.4,40.7,3,199.4974874,0.137783375
E02000182,Swiss Cottage,55.11423025,23.6,14.6,18.3,39.1,8.1,199.5801527,0.133199465
E02000183,Primrose Hill,37.22987489,22.9,16.1,29.1,29.7,7.6,189.911032,0.097442144
E02000184,Camden Street & Elm Village,41.67980185,8.6,11.7,45.8,29.7,2.4,198.3289817,0.143891522
E02000185,Kilburn East,48.82991556,9.3,11.4,45.5,30.7,5.2,209.5051546,0.094282059
E02000186,Camden Town & Mornington Crescent,44.83325856,16,11.7,27.9,41,9.7,175.3419593,0.104575163
E02000187,Somers Town,42.39117106,5.1,6.9,69.5,16.4,2.1,113.7092732,0.129931673
E02000188,Euston,45.1333814,6.8,6.9,61.7,22.7,2.5,115.0906736,0.164096792
E02000189,Gray's Inn Road,50.58882907,6.4,6.2,55.9,28.2,4.1,162.6917293,0.076254737
E02000190,Bloomsbury East,49.65471448,12.4,8.5,43.7,32.6,7.4,215.9110169,0.136885487
E02000191,Fitzrovia East & Bloomsbury West,54.19501134,15.1,9.9,23.1,48.4,12,84.74576271,0.101411765
E02000192,Hatton Garden & Theobalds Road,42.39206371,9.4,10.7,50.6,27.2,4.7,119.8140496,0.093981721
E02000193,"Holborn, St Giles & Bloomsbury South",48.44036697,16.1,12.7,27.9,39.5,11.5,178.3464567,0.094370861
E02000194,Crystal Palace Triangle,29.00183993,17.8,29.5,24.4,26,2.2,242.5167785,0.081915041
E02000195,Upper Norwood,37.15034965,32,39.6,7.7,18,2.5,241.8867925,0.108090038
E02000196,Norbury East,42.59084155,25.7,32.9,17.5,21.2,2.1,138.3956386,0.079234665
E02000197,Norbury West,44.33692545,22.5,31,18.5,25.2,2.6,208.2407407,0.113494887
E02000198,Thornton Heath North West,35.66294919,16.2,33.2,21.5,26.7,2.7,80.23875115,0.124628061
E02000199,Thornton Heath North East,35.49228944,21.2,43.7,11.1,22.1,2.3,68.18247126,0.110104309
E02000200,South Norwood Hill,32.99975886,17.5,35.9,12.4,32.2,2.7,50.96541043,0.154781199
E02000201,South Norwood Central,33.65535563,11.2,26.5,29.5,30.8,3.5,65.70146819,0.144009932
E02000202,Thornton Heath West,47.35610669,28,39.6,5.5,25.1,2.5,97.09969789,0.137419622
E02000203,Thornton Heath Central,44.75394615,16.3,29.5,22.4,28.7,2.3,98.17264574,0.094438735
E02000204,West Thornton North,47.37961093,26.8,35.9,8.5,25.9,2.4,96.66280417,0.103212659
E02000206,Selhurst North,35.94716427,12.6,29.7,26.2,28.3,4.7,71.25902165,0.115912672
E02000207,Woodside & Ashburton,26.93632626,15.2,32.7,28,20.4,1.8,107.9627474,0.086047013
E02000208,University Hospital & Queen's Road,45.43411645,9.7,24.9,29.1,29.7,2.3,115.414966,0.137097725
E02000209,West Thornton South & Ampere Way,46.03042548,18.5,38.2,17.3,24.4,1.6,104.7286822,0.117320503
E02000210,Addiscombe North,26.811071,21.4,44.2,11.2,20.5,2.3,89.33762649,0.126042632
E02000211,Monks Orchard,17.75,38.5,46.2,6.1,8.4,2.1,69.97946612,0.110426448
E02000212,Broad Green & Waddon Marsh,47.77660448,15.7,29.9,24.9,26.5,2.1,73.634166,0.098818122
E02000213,Selhurst South & West Croydon,45.16804523,9.3,18.8,28.9,39.8,4,125.0742857,0.07556652
E02000214,Addiscombe East,22.57857601,37.7,42.2,5.6,12.1,2.1,87.54735793,0.093611206
E02000215,Addiscombe West,39.68435064,15.8,26.7,16,39,3.7,109.083871,0.105157322
E02000216,Park Hill & Lloyd Park,43.85574354,32,23.3,11.6,31.8,3.9,48.08104887,0.226450174
E02000217,Croydon Minster & Waddon North,34.42402973,13.9,31.4,22.3,28.9,3.8,75.41867955,0.078039927
E02000218,Shirley East,23.70481928,27.4,30.8,34.9,5.9,0.6,111.299709,0.068061002
E02000219,Shirley West,17.5253708,47.4,41.3,2.8,6.8,1.9,60.30067895,0.181437993
E02000220,Central Croydon,36.80801538,12.7,21.9,15.6,44.8,6.7,117.4062817,0.111235761
E02000221,Waddon South,29.63340122,18.1,30.3,32.7,15.8,2.3,32.44627343,0.196871477
E02000222,Croham,23.67253833,24.4,36.1,9.7,27.4,3.4,86.58979734,0.068275361
E02000223,New Addington North,20.69047903,10.9,16.8,66.6,4.7,1.7,58.04920914,0.153648199
E02000224,Purley North,23.28214472,21.7,40.2,7.4,28.2,2.8,13.0705903,0.275395336
E02000225,New Addington Central,14.01459854,23.3,32.3,37.4,5.6,1.1,89.51871658,0.080271804
E02000226,Selsdon,18.25175753,46,44.6,1.1,7.2,1.4,38.41767641,0.116233766
E02000227,Forestdale,14.03908509,31.6,43.1,10.5,13.5,1,44.80386889,0.126649077
E02000228,Sanderstead,15.45538178,48.2,40.3,2.6,8,1.9,89.24116424,0.093302271
E02000229,New Addington South,14.55914653,15.9,24.5,48.9,8.7,1.6,63.16939891,0.119500741
E02000230,Purley Central,23.94225983,31.8,39,6.9,19.5,2.8,46.16186389,0.138663833
E02000231,Woodcote,21.89980481,42.2,45.7,1.6,9.9,1.9,22.93418647,0.22864355
E02000232,Selsdon Park & Hamsey Green,11.51925246,41,42.1,10.5,5.5,1.3,24.90652174,0.179802741
E02000233,Kenley North,18.33740831,27.4,46.2,13.9,11.4,2.1,24.8658147,0.246177566
E02000234,Coulsdon,18.62146329,29.4,39.4,12.9,14.8,2.5,50.97727273,0.133303611
E02000235,Kenley South,14.86796785,35.1,44.8,10.5,7.5,2.2,40.6042065,0.178093803
E02000236,Woodmansterne,11.71171171,37.7,50.1,5,6.6,1.4,22.54831995,0.222998813
E02000237,Old Coulsdon,10.72909699,39.8,40.8,13.1,5.2,1.8,14.33768016,0.23184937
E02006788,South Norwood Park,24.89361702,15.9,38.1,33.2,11.5,1.6,97.25028058,0.125793422
E02000238,Whitton Avenue West,48.6,23.7,39,12,23,2.5,40.18903592,0.158984008
E02000239,Horsenden,54.74444444,34.5,35.9,3.2,24.7,2.2,28.7624558,0.161712114
E02000240,Northolt West,42.81539211,18.9,29.3,32.3,15.8,2.2,12.90956264,0.186046512
E02000241,Northolt East,46.49796656,28.2,38.4,6.6,24.7,2.6,22.75804196,0.171951819
E02000242,Bilton Road,58.62782789,28.2,35.5,4.7,29.8,2.3,15.33131313,0.242456187
E02000243,Greenford North,50.51122341,23.4,31.2,17.4,25.5,2.5,54.3974175,0.108795991
E02000244,Perivale,54.85220301,28.6,34.6,7.1,26.8,2.7,61.48391333,0.120354549
E02000245,Northolt South,42.98675821,11.2,23.8,40.7,20.2,1.4,37.22717622,0.15592563
E02000246,Kingshill Avenue,39.59762231,18.3,29.4,33.1,16.9,1.8,58.10763889,0.121601434
E02000247,Greenford West,47.27396197,17.4,30.4,24.3,23.5,2.8,51.41762452,0.130849478
E02000248,Hanger Hill East,59.85819471,25.6,22.2,3.6,44,3.2,76.76040495,0.132473623
E02000249,Greenford South,51.1203212,26.1,27.5,16,25.6,3.5,29.56078707,0.149768216
E02000250,Pitshanger,33.22028673,36.6,36,4.1,21.3,1.8,41.84752365,0.143351064
E02000251,Greenford Ravenor Park,55.40030211,31,39.1,5,22.6,2.6,50.20543807,0.106511012
E02000252,North Acton,54.99690913,15.7,17.1,23.9,35.8,3.5,41.54107924,0.120304272
E02000253,Cuckoo Park,43.43853821,16.8,25.5,41.2,13.9,2,75.26466381,0.138186657
E02000254,Southall North,56.02860655,32.8,36.1,8.3,20.8,3.1,44.806022,0.12483846
E02000255,Drayton Green & Cleveland,40.32752245,26,29.6,20.2,22.4,2.5,58.05164319,0.15258121
E02000256,Ealing Broadway West,43.44882067,24,23,9.2,40.2,3.7,62.3747495,0.197108434
E02000257,Ealing Broadway East,49.35968614,22.2,19.5,11,45.3,3.8,77.76955603,0.148294142
E02000258,Acton Noel Road & Lynton Road,49.52451709,20.6,24.5,16.2,36.4,3.6,36.50187735,0.084776273
E02000259,Brent Valley,39.26067559,27.8,36.3,8.8,25.6,2.2,80.07785467,0.151344928
E02000260,Southall Park,60.57405281,30.1,26.8,16,24,7.1,80.54755043,0.149672033
E02000261,East Acton,53.00947427,18.1,19.8,23.6,30.8,4.2,58.96061975,0.163363626
E02000262,Acton Central,48.16806723,13.7,23.4,25,35.2,3.5,81.06751825,0.124817107
E02000263,Southall West,64.04571625,30,26.9,15.1,24,6.2,67.04264099,0.129257284
E02000264,Ealing Common & Twyford Ave,48.25373319,24.4,24,10.1,39,4.2,68.05421104,0.118349929
E02000265,West Ealing,44.02374314,14.6,26.3,26.4,28.6,3.1,46.82316119,0.138536096
E02000266,Norwood Green North & Windmill Park,49.24985808,15.4,17.8,46.6,14.4,2.9,86.7679558,0.155789027
E02000267,Hanwell,38.391568,20.7,35.3,11.5,28.9,3.5,92.72030651,0.101983471
E02000268,St Mary's,38.15986322,23.2,28.6,16.8,29,2.4,124.427157,0.112765716
E02000269,Northfields,34.2163902,28.5,35,5.2,29.5,2.9,97.57894737,0.133847813
E02000270,South Acton,50.91383812,9.5,15.1,49,21.1,2.5,58.81697982,0.146355892
E02000271,Bedford Park,35.51678249,30.3,33.1,5.9,28.7,4,104.3589744,0.118030618
E02000272,Elthorne Park,34.49911085,36.4,37.6,5.6,18.8,2,29.79576008,0.113926247
E02000274,Southall Green,63.32364722,24,27.7,13.7,31,6.2,95.78249337,0.116172805
E02000275,Norwood Green South,56.16727682,24.4,26.7,21.4,24.6,4.7,67.21719457,0.150117805
E02000276,South Ealing,39.19964296,22.1,36,10.7,29.6,3.2,88.42937853,0.131740353
E02006791,Chiswick North West,36.98405603,21.1,30,13.6,33.7,4.6,94.63626493,0.161886186
E02000277,Bullsmoor & Freezywater,28.42818811,29.2,37.9,11.4,18.7,2.2,98.55527638,0.106182282
E02000278,Turkey Street,31.5152201,20.7,25.8,33.5,16.9,1.9,92.13903743,0.135374347
E02000279,Enfield Lock,35.29047113,13.8,33.1,24.1,25.9,1.4,53.66138449,0.170811315
E02000280,Chase & Crews Hill,17.8156195,28.9,36.5,19.8,12.1,2.3,98.89198606,0.102177436
E02000281,Carterhatch & Forty Hall,25.21788342,20.7,35.1,20.2,21.8,1.3,64.60358056,0.15874901
E02000282,Enfield Wash,36.05046626,13.7,25.2,34.6,24.1,2.1,76.95600476,0.117583436
E02000283,Brimsdown Avenue,31.98005698,25,37.7,17.4,17.9,1.7,99.08029197,0.123471342
E02000284,Chase Side,18.08536585,29.3,37.9,10.4,20.1,3.8,73.25692455,0.126857888
E02000285,Enfield Town North,16.40139457,43.6,42.6,3.5,8.7,2.2,74.19771863,0.109869837
E02000286,Chase Farm & The Ridgeway,20.50747732,35.9,34.2,4.6,24,3.6,50.08435583,0.07709386
E02000287,Cockfosters & Hadley Wood,28.06683277,41.5,32.8,9.7,14.2,2.9,5.465467395,0.172916422
E02000288,Southbury East,40.81029552,20.3,30,21.3,24.4,2,48.58271865,0.12319705
E02000289,World's End,23.39777744,46.2,38.9,6.4,7,2.2,78.96988906,0.089203291
E02000290,Brimsdown & Ponders End,41.82546258,12.8,20.8,39.4,24.7,1.3,77.59859772,0.11113621
E02000291,Enfield Town South & Bush Hill Park,27.68937696,25.1,30.1,15.8,27.7,3.7,67.38893219,0.15116817
E02000292,Southbury West,27.64236184,30,42.3,8.2,18.4,2,65.20812183,0.187762728
E02000293,Grange Park,20.18392263,46.3,37.5,2.7,12.1,2,41.50170648,0.214638158
E02000294,Ponders End South,41.60378421,26.6,34,17.2,19.9,2,8.115696888,0.221203279
E02000295,Oakwood Park & Highlands,30.28421304,34,34.1,9.4,20,2.3,53.89413989,0.099789548
E02000296,Southgate,37.05296277,27.7,25,11.3,33.9,3,19.25610115,0.220949763
E02000297,Bury Street West & Village Road,25.22047752,43,42.3,2.1,11.4,2.2,13.95372645,0.093763756
E02000298,Winchmore Hill,23.68355065,38.4,39.2,3.9,17.2,2,88.87640449,0.143732374
E02000299,Lower Edmonton North,46.14475945,22.1,28.2,18.5,27.5,1.3,52.29909526,0.121501984
E02000300,Haslebury North,45.60500184,23,31.5,12.1,31.1,2.4,29.87957388,0.222291118
E02000301,Lower Edmonton South,45.4816286,15.4,22.7,33.6,25.2,1.3,63.31112592,0.126381143
E02000302,Palmers Green East,36.66826808,32.9,35.7,12.8,16.6,1.2,55.22839506,0.165195037
E02000303,Haslebury South,42.33611442,14,24.5,34.2,25,1.9,58.64039956,0.150657708
E02000304,Southgate Green,30.06552108,40.4,37.5,2.7,17.6,1.5,59.17283951,0.201961193
E02000305,Palmers Green West,34.58820804,25.8,36.1,4.8,31.5,2.9,40.3,0.18573201
E02000306,Edmonton Green,47.53524975,6.9,14,55.1,18.6,1,115.8722919,0.10066916
E02000307,Tatem Park,46.10554036,30,36.5,8.6,22.7,1.3,116.6666667,0.105239934
E02000308,New Southgate & Arnos Grove,43.31695967,27.7,26.5,18.8,25.4,1.5,59.82995063,0.099294031
E02000309,Upper Edmonton East & Meridian Water,49.20392792,17,27.7,22.4,29.5,1.8,54.12658228,0.157507016
E02000311,Bowes,47.68030794,27.2,31.3,16.3,23.1,1.4,73.90499195,0.102189781
E02000312,Broomfield Park,44.34259524,25.1,27.9,8,36.5,2.2,46.93782684,0.197202278
E02006793,Upper Edmonton West,48.65289627,11.1,19.4,43.7,23.5,1.4,154.3659942,0.165873238
E02000313,Thamesmead Birchmere Park,36.85653366,6.5,16.2,63,12.2,1,93.29864724,0.134619674
E02000314,West Thamesmead,44.2950471,6.2,32.4,23.4,33,1.2,44.26449449,0.097964927
E02000315,Abbey Wood North,32.79735683,14.4,23.2,46.6,14.2,1.4,91.13924051,0.130257937
E02000316,"Woolwich Dockyard, Arsenal & Charlton Riverside",41.75813953,4.1,14.4,40.7,33,2.6,74.28945074,0.127215116
E02000317,Woolwich West,36.43966547,6.9,12.9,64.5,13.2,2.6,76.18170657,0.07735697
E02000318,Plumstead High Street,50.20321073,15,28.5,25.7,29,2.6,76.66196189,0.131547455
E02000319,Plumstead Common & Riverside,44.74523744,11.7,23.7,31.3,29.5,2.2,89.8778626,0.118906064
E02000320,Abbey Wood South,30.87258454,19.7,34,28.4,16.6,1.5,102.8456105,0.081436421
E02000321,Woolwich Glyndon,38.44444444,8.1,15.5,55,18.1,1.8,102.1887825,0.076840696
E02000323,Woolwich South,45.75604272,8.5,15.5,49.4,22.8,4.9,50.40451552,0.038882668
E02000324,Charlton Village,32.79562543,11.4,21,52.8,13.3,1.9,80.88013412,0.095761219
E02000326,Charlton Slopes,29.15134371,18.7,31.9,29.9,18.3,2.6,80.30254777,0.055985194
E02000327,Woolwich Common,35.58974359,4.3,14.1,51.2,28,5.2,125.0535988,0.086333578
E02000328,Westcombe Park & Maze Hill,24.34150772,19.9,26.9,29,21.4,5.4,95.20361991,0.105988593
E02000329,Plumstead South,23.18770227,22.8,38.3,23.1,14,2.6,126.3606911,0.074352619
E02000331,Hornfair Park,28.85966032,14.3,29,35.3,19.5,2.8,50.20547945,0.099181446
E02000332,Shooters Hill,24.36233283,28,39,16.7,14.7,3.4,123.8424437,0.091782422
E02000333,Blackheath Standard & Village,21.64619557,24.8,28.4,15.6,29.6,4.1,148.7007874,0.078104316
E02000334,Kidbrooke North,25.50626063,22.7,35.9,28,11.5,2.1,60.84355828,0.116208722
E02000335,Eltham North,13.57459154,33.4,44.1,14.3,7.3,1.5,102.1506849,0.104063296
E02000337,Eltham West,18.98558057,15.4,30.9,42.5,8.8,1.1,38.3485745,0.056389395
E02000339,Eltham Park,14.30485762,32.3,36.3,19.9,9.5,2.7,78.42465753,0.157641921
E02000340,Eltham South,18.11760841,34.8,32.3,14.7,16.1,3.5,36.4415437,0.137050304
E02000341,Middlepark & Horn Park,20.43472602,14.5,25.5,51.1,7.7,1.6,84.31451613,0.106408417
E02000342,Avery Hill,16.98434837,21.4,29.5,31.9,13.8,2.4,37.75520317,0.139519622
E02000343,Mottingham East,16.23970037,24.4,31.2,34.6,8.4,1.1,51.41950833,0.165638495
E02000344,New Eltham,15.03053077,33.4,42.8,11.4,11.3,1,47.75613276,0.134159239
E02006786,Wickham Lane & Winns Common,29.47490572,20.5,31.8,29.4,16.1,2.8,96.76779463,0.07452068
E02006927,Kidbrooke South,25.94107035,27.5,30.1,27.9,12.6,3.2,76.3433908,0.140114802
E02006928,Greenwich & Deptford Creekside,40.44408119,4.6,16.6,41.9,31.6,3.8,243.2589286,0.146907689
E02006929,Greenwich Peninsula,36.55540721,8.7,21.3,39.3,27.9,4,286.4285714,0.115864186
E02006930,Greenwich East,29.01996647,16,28.8,20.6,32.5,2.9,141.5926493,0.1507679
E02006931,Greenwich Town & Park,30.21989985,14.7,25,31.3,26.8,3.5,262.9100529,0.151640169
E02000345,Stamford Hill North,35.63023308,14.4,13.4,23.6,43.1,3.3,52.79752705,0.172716628
E02000346,Woodberry Down & Manor House,51.34602758,4.5,6.8,67.2,18.5,11.1,59.12017167,0.1353902
E02000347,Stamford Hill West,31.48567119,12,15.3,37.3,33.8,4.3,50.17501989,0.191691771
E02000348,Stamford Hill South,39.408867,8.8,10.9,47.3,30.3,1.5,20.41960184,0.201589921
E02000350,Stoke Newington East & Cazenove,34.74005473,12.6,19.9,24.1,40.1,3.1,45.859375,0.119980531
E02000351,Brownswood,39.97418749,10.2,19.1,23.7,43.5,3.3,45.61351947,0.125161082
E02000352,Clissold North,30.30655238,10.8,20.7,39.7,24.5,1.7,55.01988862,0.159051475
E02000353,Stoke Newington North,32.39147187,15.6,25.8,21.7,35.6,2.5,50.67337461,0.18267909
E02000354,Hackney Downs,41.21237634,6,15.4,47.1,27.7,3.9,59.95980707,0.109666175
E02000355,Lower Clapton,39.29286977,17,21.3,25,34,2.7,41.499405,0.149875741
E02000356,Clissold South,30.66975225,14.3,26,27.4,29.7,3.7,224.7962963,0.03789439
E02000357,Hackney Marshes,46.97901877,4.3,9.7,71.4,12.6,1.3,51.05490196,0.059605192
E02000358,Stoke Newington South,40.50461205,9,17.9,39.6,30.6,2.1,105.1497696,0.078996384
E02000359,Homerton North,38.45920073,15.6,24.5,33.1,24.1,2,49.1775326,0.117071181
E02000360,Amhurst Road & Pembury Estate,43.74778604,4.1,11.1,60.6,20.8,2,158.1535948,0.076970761
E02000361,Hackney Central,39.7513089,6.6,13.7,39.6,37.8,2.9,140.2572899,0.089397089
E02000362,Hackney Wick,35.67499607,6.9,15.9,44.9,24.9,1.9,129.1253644,0.084330549
E02000363,Homerton South,42.27754726,4.3,10.1,67.6,13.9,1.6,161.9141324,0.071373329
E02000364,Dalston East,32.15292658,11.7,19.3,38.9,27,1.9,177.3368607,0.065141721
E02000365,Dalston Kingsland & De Beauvoir,38.69476653,9.5,16.3,33.4,37.7,2.5,188.3938815,0.066274231
E02000366,South Hackney,30.20906742,7.7,14.8,57.4,16.9,1.8,94.78374836,0.102599558
E02000367,London Fields & Mare Street,35.8587414,6.8,17.9,38.5,31.2,1.7,146.3506261,0.095098399
E02000368,Haggerston East,41.21073435,5.2,13.3,62.1,17.4,1.3,134.4388398,0.082919051
E02000369,Haggerston West & Kingsland Basin,43.143005,4.8,10,53.2,24.3,1.3,141.1585366,0.095896328
E02000370,Hoxton & Wenlock,43.97060595,6.2,11.4,55.1,22,1.4,183.8957816,0.075698286
E02000371,Shoreditch,46.91567629,5,11.2,39.7,41.1,2.2,43.02692055,0.118571647
E02006918,Clapton Leaside,43.58165813,5.7,12.8,46.2,31.6,3,220.6404959,0.08783594
E02006921,Upper Clapton,39.12706612,7,10,52.9,27.4,2.4,249.5454545,0.100962789
E02000372,Old Oak & Wormwood,45.72207084,9.6,10.6,55.9,18.3,3.4,193.4090909,0.079822058
E02000373,White City,49.27906278,5.3,8.8,69.5,13.8,0.9,152.8604119,0.088622754
E02000374,Wormholt Road,40.82602882,17.4,19.8,36.1,23.1,3,222.4358974,0.083902841
E02000375,Shepherd's Bush North,46.96926579,11.3,12.8,44.5,28.5,3.9,153.8047138,0.066768827
E02000376,Shepherd's Bush West,46.65220535,10.2,14.3,33.4,38.7,4,57.85328185,0.077949813
E02000377,Askew,42.04921043,12,18.3,34.9,31.2,2.8,199.295302,0.082842229
E02000378,Shepherd's Bush South,46.52586471,13.7,20.8,25.8,38.2,2.7,157.560241,0.101319059
E02000379,Ravenscourt Park North,39.55942488,19,22.8,27.2,27.1,4.9,160.4974093,0.075929752
E02000380,Brackenbury,35.68139178,21,21.9,24.7,30.8,4.4,144.0062112,0.09984904
E02000381,Brook Green,41.90267765,18.8,18.6,24.9,36.1,3.2,158.4844384,0.04994877
E02000382,Ravenscourt Park South,39.69515161,19.1,17.7,24.8,34.4,3.4,167.5748031,0.084390565
E02000383,West Kensington,54.71798134,16.1,17.4,20.4,43.6,7.3,225.8769231,0.065862961
E02000384,Hammersmith Broadway,42.63661202,10.6,11.1,46.5,28.6,4,206.147541,0.05944334
E02000385,Barons Court,47.89029536,14.2,21,16.1,46.5,4.4,165.1855567,0.040864655
E02000386,North End,46.00540806,8.1,13.7,45.3,29.5,3.9,182.0809249,0.060846561
E02000387,Lillie Road & Greyhound Road,44.00510204,10.9,15.4,45.7,26.2,1.4,191.3024283,0.079275329
E02000388,Fulham Broadway,44.7451841,14,16,30.8,36.4,5.2,28.44812554,0.095208908
E02000389,Fulham Reach,38.08600848,23.9,26.7,15,31.3,4.2,162.4509804,0.092486421
E02000390,Fulham Aintree,38.75620347,18.1,19.9,26.4,33.8,4.5,136.1569416,0.114526378
E02000391,Parsons Green East & Eel Brook Common,38.94423599,22.7,21,24.6,29.6,6.2,95.40720961,0.102434929
E02000392,Parsons Green West,40.123199,16.7,19.6,25.3,34.9,5.2,167.6341463,0.09209952
E02000393,Munster,38.31868678,22.3,27.1,12.8,35.7,3.7,184.3693694,0.109210848
E02000394,Sands End & Chelsea Harbour,41.21212121,15,17.7,34.3,26.8,7.7,219.8639456,0.105816832
E02000395,Fulham Palace & Hurlingham Park,37.00218451,30.5,22,10.3,33.9,6.6,116.4653903,0.142766818
E02000396,South Park,36.30333183,19.9,21.1,28.3,26.2,2.6,162.9829545,0.115042705
E02000397,Bowes Park,51.3371721,13.4,21.1,25.1,37.4,2.2,143.3273056,0.103456977
E02000398,Northumberland Park,53.55889372,11.4,13.1,49.1,24.2,5.7,95.51053485,0.104021721
E02000400,Bounds Green,41.14501826,18,24.5,29.4,24.1,1.7,147.5707155,0.136430263
E02000401,Roundway,42.87199287,11.2,22,50.1,14.3,1.5,95.30690537,0.12907554
E02000402,Tottenham Bruce Castle Park,46.42377184,8.4,18,47.3,22.3,2,146.75,0.080919932
E02000403,Wood Green North,55.79941659,14.5,23.5,15.5,44.8,2.2,183.5388128,0.100758801
E02000404,Scotch Estate,52.54955571,15.8,21.5,31.7,27.1,2,146.5686275,0.100501672
E02000405,Alexandra Park,25.82467929,28.3,40.1,8.2,22.5,1.6,163.3834586,0.118039577
E02000406,Noel Park,49.19572954,12.7,19.9,39.4,25.7,1.6,135.4936306,0.129274885
E02000407,Bruce Grove North,56.2226477,10.6,17.5,35.6,31.5,5.5,181.4942529,0.093255225
E02000408,Tottenham North West,53.82291119,9.1,16.4,44.6,26.1,3,121.3834586,0.115832507
E02000409,Lordship Lane & Broadwater Farm,53.50084265,11.8,14.2,53.1,18.3,1.8,171.482821,0.092586734
E02000410,Muswell Hill North,27.74540565,22.2,32.3,6.6,38.1,3,166.5168539,0.103238866
E02000411,Tottenham Lea Valley,53.26086957,14.2,22.5,33.8,26.5,2.8,141.0942249,0.099849203
E02000412,Wood Green South,54.23777842,11.2,12.9,37.1,32.5,2.3,64.50980392,0.156614942
E02000413,Fortis Green & Coldfall,25.32,25.4,30.5,14.5,27,2.6,113.28,0.110169492
E02000414,Bruce Grove South,54.81801701,18.7,26,19.9,32.9,9.8,151.7907801,0.091811704
E02000415,Downhills Park,55.67567568,19.9,20.9,20.1,36.4,5.5,66.03694374,0.084933249
E02000416,Hornsey East,34.16555407,10.3,23.5,34.7,28.1,2.7,60.70464768,0.116201531
E02000417,Muswell Hill South,28.32534452,25.2,27.4,8.2,37.8,3.5,88.40696118,0.100090854
E02000418,Hornsey West,22.38155745,29.4,38.7,11.4,18.6,1.8,69.52681388,0.096037508
E02000419,Harringay Ladder North,51.33201776,15.2,21.4,15.2,46,7.5,96.55699177,0.087014726
E02000420,Tottenham Green West,55.53013994,11.5,19.7,34.7,31.8,3.8,120.7176287,0.105324373
E02000421,Tottenham Green East,54.37884723,7.7,14.5,44,28.2,3.2,35.90347924,0.134260706
E02000422,West Green & St Ann's,55.5399361,13.3,19.8,31.3,31.2,2.1,156.6812227,0.092809365
E02000423,Harringay East,53.72082783,20.3,22.8,14.7,40.7,3.4,145.7662835,0.09317913
E02000424,Hornsey Vale,29.95276466,15.8,30.8,24.3,27.1,4,163.0501931,0.091049017
E02000425,South Tottenham,43.99117971,18.4,18.2,21.6,38.2,7.5,88.70317003,0.122969461
E02000426,Highgate Wood,32.09032833,27.3,25.4,16,28.7,4.5,87.95212766,0.130329604
E02000427,Harringay Ladder South,47.60723665,15.3,23,13.4,44.8,10.3,77.39598278,0.069885995
E02000428,Harringay Warehouse District & Vartry,53.38934776,10.4,16.7,42.9,26.4,4.4,100.6606218,0.094968473
E02000429,Crouch End West,30.67717455,25.8,30.6,9.3,32.9,3.1,62.14109926,0.134521452
E02000430,Crouch End East,28.16502629,15.7,28.4,11.9,41.7,3.7,173.3007335,0.095513544
E02000431,Highgate East,32.05684368,22.1,25.9,5.9,44.9,3.7,103.4943182,0.111858358
E02000432,Stroud Green,33.62255965,12.4,26.5,25.3,34.2,8.6,129.3163752,0.105729039
E02006794,White Hart Lane,53.4629072,6.3,10.6,48.1,26.8,3.9,228.1314168,0.122052205
E02000433,Stanmore Park,34.47827218,40.9,26.2,11,18.2,4.5,62.03021719,0.171715634
E02000434,Canons Park,41.81415929,35.6,32.7,8,21.9,4.6,74.9088359,0.176371466
E02000435,Stanmore Uxbridge Road,35.60463237,32.4,30.1,19.3,15.8,3.8,139.7819315,0.083574772
E02000436,Hatch End North,32.35904531,47,40.6,3.2,8.1,2.5,142.9982669,0.10471458
E02000437,Harrow Weald,36.89865107,34.7,37.9,10.3,15.4,2.9,105.3316327,0.088035844
E02000438,Hatch End South,34.58912769,30.2,29.4,20.7,17,3.1,154.3278085,0.099522673
E02000439,Edgware West,55.6056544,29.8,32.6,11.7,23.9,2.5,134.3603604,0.079924903
E02000440,Belmont,41.65534539,35.9,45,4.3,13.4,2.1,101.5315315,0.100266193
E02000441,Pinner Green,34.50997915,33.7,30.7,19.6,13.9,2.3,145.8595194,0.071093651
E02000442,Queensbury East,59.14311969,32.2,36.7,4.8,24.3,1.8,27.40690893,0.191357014
E02000443,Wealdstone North,47.89862724,22.9,31.6,15.8,27.3,3.8,64.27374302,0.077937129
E02000444,Queensbury West,52.86504295,32.7,38.7,3.3,23.8,2,138.1407035,0.080029101
E02000445,Wealdstone South,50.33170732,22.7,30.3,14.8,28.3,2.8,70.33673469,0.141737995
E02000447,Headstone Lane,38.14111646,34.8,39,8.2,16.6,2.1,107.3141123,0.102941176
E02000448,Pinner Central,27.37539527,42.3,32.4,8.4,15.3,2.3,100.0491803,0.127642143
E02000449,Kenton East,57.4290279,29,28.9,17.9,21.8,1.2,114.2537313,0.095852384
E02000451,North Harrow,38.18320611,42.4,40.4,2.1,12.7,2,123.7518038,0.089668843
E02000452,Greenhill North,52.08079825,20.7,28.2,4.4,44.9,2.5,13.02627414,0.275577157
E02000453,Pinner Road,45.51181102,27.6,35.1,6.4,27.9,3.8,48.95058584,0.182745343
E02000454,Pinner South,29.73736233,41.5,45.4,3.6,8.7,1.8,43.0160487,0.204039624
E02000455,Greenhill South,52.04671174,21.7,23.6,13.9,37,3.1,11.73867006,0.275662998
E02000456,West Harrow,43.41974784,27.2,36,9.7,24.2,3.3,61.37437366,0.191042687
E02000457,Rayners Lane North,41.24168514,37.7,37.6,5.5,18,3,45.01998858,0.201826716
E02000459,South Harrow,50.78324226,21.1,27.4,19.7,28.2,3,85,0.133348076
E02000460,Newton Farm,47.51457502,19.3,28.4,30.4,19.5,1.8,64.46153846,0.163951437
E02000461,Harrow-on-the-Hill,40.34835181,25.1,30.6,5,32.9,5.1,30.34246575,0.203583521
E02000462,Alexandra Park,51.62846803,28.4,36,6.3,27.6,3.5,79.70175439,0.112920977
E02000463,Earlsmead,44.72653933,21.9,38.1,21,17.2,1.9,105.593047,0.121913431
E02006795,Rayners Lane South,50.70162482,32,40.9,2.6,23.3,2,268.3693517,0.104245974
E02006882,Kenton West,52.39875829,37,39.7,3.8,16.7,1.4,152.9608128,0.130942215
E02000464,Dagnam Park & Noak Hill,8.913346768,28.5,31.2,31.5,6.7,2.6,80.26508227,0.156246441
E02000465,Petersfield Avenue & Duck Wood,10.25220681,19.2,33,37.9,8.1,2.4,90.3117506,0.1212604
E02000466,Havering-atte-Bower & Chase Cross,9.110655243,30.5,35.8,24.6,7.1,1.4,34.28436911,0.16863499
E02000467,Harold Hill East,13.48128176,13.3,26.3,51.5,7.7,2.1,40.36046512,0.217084414
E02000468,Collier Row & Park Farm,9.252120278,36.4,40.8,11.5,9.6,1.9,91.14379085,0.141866858
E02000469,Harold Hill West,13.82896166,23,34.6,31.8,9,1.2,40.92557849,0.194376528
E02000470,Harold Park & Harold Wood,8.837327247,39.8,39.1,7.9,12.2,2.5,77.37777778,0.099942562
E02000471,Rise Park,6.343033391,51.2,42,1.8,4.5,1.7,79.84526112,0.13250969
E02000472,Romford North,8.432528646,38.5,43.9,8.2,8.4,2.2,44.75430759,0.194638528
E02000473,Ardleigh Green,8.249895703,38.2,45.6,6.1,8.5,1.7,82.96266234,0.114372371
E02000474,Romford North West,10.94330577,29.5,40.1,15.6,13.2,1.7,78.63930886,0.143916506
E02000475,Gidea Park,10.15658982,35.6,37.7,10.2,14.9,2.6,56.92241379,0.181735575
E02000476,Central Romford,20.1806513,19.1,25.1,24.6,26.3,3.2,77.225,0.121398511
E02000477,Romford East,7.02991453,43,44,2.9,9.4,2,79.19168591,0.107757364
E02000478,Emerson Park,15.93882753,51.1,38.8,5,4.3,2.2,28.66265965,0.11887287
E02000479,Romford South,15.19547578,24.8,41,10.1,22.6,2.3,68.13813814,0.140443661
E02000480,Rush Green,18.7136294,27.2,41.2,14.6,15.7,2.4,89.30032293,0.12765188
E02000481,Cranham East,5.761580906,47.8,36.7,7.7,6.6,2.2,82.98136646,0.144461078
E02000482,Upminster North & Cranham West,6.425891182,53.7,38.6,1.1,5.9,1.9,66.71992481,0.174742922
E02000483,Hornchurch,7.236669293,36.3,31.8,16,14.4,2.8,13.24056684,0.160670535
E02000484,Hylands,7.574094402,38.5,46,6.6,7.8,1.8,33.78436273,0.110535771
E02000485,Upminster Bridge,8.990733784,39.6,40.7,6.3,12.7,2.2,14.32871476,0.166388796
E02000486,Elm Park East,8.797176215,42.6,41.4,3.5,11.2,1.9,83.59087564,0.102464789
E02000487,Upminster South & Corbets Tey,4.386076756,53,41.7,1,3.4,1.9,20.49340498,0.18283671
E02000488,Hacton,6.324855336,48.8,42.9,2,5.7,1.2,42.93465578,0.150156271
E02000489,Elm Park West,12.29071537,35.2,38,16.3,9.2,1.4,13.85923407,0.194281447
E02000490,South Hornchurch,9.210526316,40.2,38.7,12.6,7.5,1.8,35.48808968,0.26046328
E02000491,Hornchurch Marshes,13.01835486,29.3,34.4,25.5,9.4,3.3,60.78776042,0.192245903
E02000492,Rainham East & Wennington,7.254464286,50.3,37.5,3.4,8,1.8,36.02240896,0.174086314
E02000493,Rainham West,14.5410628,26.6,38.9,14.6,18.6,2,41.96647032,0.160224574
E02000494,Ducks Hill,33.07928867,39.8,30.4,13.9,14.3,6.2,35.28362469,0.212032356
E02000495,Northwood,30.13828777,31.9,29.3,12.8,24.3,5.7,65.69240587,0.126772877
E02000496,Harefield,13.25854845,28.4,35.8,24,10.2,4,54.66285714,0.195484006
E02000497,Northwood Hills,21.069293,32.9,37.4,18.7,9.7,3.4,23.32396628,0.276592083
E02000498,West Ruislip North,14.50166113,34.4,39.7,16.4,7.7,2.9,69.96363636,0.117255717
E02000499,Eastcote,19.5235029,45,38.1,5.5,10.6,2.3,38.98400474,0.117468277
E02000500,Ruislip,18.79699248,41.1,34,6.1,16.7,4,6.630736567,0.238916256
E02000501,Ruislip Manor,16.64847823,36.8,45.1,7.3,9.7,2.3,23.0502477,0.255756831
E02000502,West Ruislip South,20.33363983,32.3,39.9,4.4,22.1,4.3,49.86275733,0.221318654
E02000503,Ruislip Gardens,15.44624972,34.1,48.9,3.6,11.8,2.9,44.92706645,0.185666186
E02000504,Ickenham,13.74966134,45.1,40.2,4.3,9.3,3.3,41.25059666,0.180050914
E02000506,Uxbridge Common & Swakeleys,22.2649516,45.5,38.9,5,9.6,3.8,58.87755102,0.220637248
E02000507,Hillingdon North East,21.38990306,30.6,46.2,10.1,11.8,2.3,6.023600652,0.261760536
E02000508,Uxbridge Central & Brunel,29.86716028,25,26,18.2,28.8,8.1,40.04920722,0.230716724
E02000509,Uxbridge West,33.79822865,19.2,27,23.9,26.8,4.8,33.51673721,0.166915394
E02000510,Hillingdon South,26.01343526,29.7,37.8,12.9,17.7,2.7,38.91325536,0.197119599
E02000511,Charville,29.08975175,30.4,42.8,8.1,15.3,2.7,20.52489065,0.147960219
E02000512,Hillingdon Heath,28.23397075,20.4,30.9,28.4,17.8,2.8,4.620365758,0.226705683
E02000513,Yeading North,37.79510022,16.1,32.7,30.6,17.4,3.2,52.87820016,0.129841549
E02000514,Yeading West,48.16700611,27.9,39.1,7.1,23.1,3.4,12.34528211,0.243359375
E02000515,Yiewsley West,26.21898649,17.8,31,21.8,25.8,5.7,38.21847507,0.189046614
E02000516,Yeading Brookside,43.76587254,21.7,36.4,17.7,19.8,3.7,5.055176038,0.19789501
E02000517,Hayes End,39.18386274,17.5,33.9,27.6,18.3,2,34.14137676,0.179620596
E02000518,Yiewsley East,24.41320009,19.9,32.1,31.9,13.9,1.3,19.60165711,0.21736303
E02000519,Hayes Town North,42.56179256,15.5,27,36.6,17.3,1.8,47.25916718,0.218569174
E02000520,Hayes Town & Lake Farm,46.36921163,18.7,31.9,22,24.7,2.8,28.42305038,0.216219497
E02000521,West Drayton East,33.91848265,18.3,30.1,31,16.5,3.5,58.24634656,0.187933094
E02000522,West Drayton West,27.27377788,23.4,29.3,26.6,17.7,3.7,21.06577052,0.158842297
E02000523,Hayes South,50.07264425,24.4,35.5,12.1,23.6,2.7,65.64492754,0.138977812
E02000524,"Heathrow, Hardmonsworth & Sipson",36.42503377,25.6,27.5,12.4,32.5,6.9,24.3113577,0.209289838
E02000525,Harlington & Cranford Cross,48.19850442,19,29.8,19.2,30.2,2.6,14.26071103,0.219764766
E02006796,South Ruislip,24.03413131,30,40,10.1,18.7,2.6,191.9144603,0.084261912
E02000526,Chiswick North East,34.31606589,27.9,28.6,11.3,30.8,4.2,30.72172619,0.138047953
E02000528,Brentford East,38.8920294,12,18.6,44.5,19.6,3.6,44.21914816,0.084794599
E02000529,Heston North,54.28503788,21.8,31.2,21.4,23.1,1.1,60.50645482,0.072378139
E02000530,North Hyde & North Cranford,48.60318853,14.1,19.7,49,14.7,0.6,43.28015016,0.155372438
E02000531,Brentford Central,36.60636548,18.4,27.3,25.9,22.9,2.5,41.85510888,0.134167084
E02000532,Chiswick South East,32.62008734,26.4,29.1,22.6,19.8,4.1,62.24591329,0.124115095
E02000533,Chiswick South West,29.76445396,23,30,20.3,25.4,3.4,68.64038069,0.083490146
E02000534,Brentford West & Osterley Park,44.09497762,28.7,33.6,6.7,27,2.3,90.21684737,0.108810206
E02000535,Heston West,55.08556668,28.2,34.2,13.8,21.3,1.8,38.7218522,0.099844377
E02000536,Heston Central & Lampton West,54.66609127,25,32.7,16.8,23.5,1.3,54.6163142,0.094922005
E02000537,Osterley & Lampton East,61.29930394,33,28.4,2.5,35,2.3,65.68842922,0.098897855
E02000538,Cranford,58.35253456,24.5,27.5,17.5,28.3,2,34.80380499,0.122992825
E02000539,Syon Green,35.45386905,15.7,33.7,24.6,21.4,2.3,51.21078701,0.123911875
E02000540,Spring Grove,50.60566732,21.2,25.3,19.9,28.7,1.7,32.36413667,0.095295451
E02000541,Hounslow Meadows,59.2,20.2,19.6,33.9,23.4,1.7,54.95517522,0.077487765
E02000542,Hounslow West,60.64282673,17.8,22.5,24.5,30.9,2.4,62.17973231,0.115518655
E02000543,Hounslow High Street,61.57261163,16.6,22.8,13.7,41.8,2.9,72.29040097,0.092780906
E02000544,Hounslow East,41.22453958,32.5,41,5.7,18.7,1.4,4.057243162,0.112246124
E02000545,Isleworth & Ivybridge,34.15230412,15.6,28.1,36.8,16.7,1.8,25.91199607,0.0924011
E02000546,Hounslow Heath,55.47692308,20.7,31.2,17.6,26.5,1.5,21.57870263,0.141579571
E02000547,North Feltham & Hatton,34.6474359,22.1,36.6,21.3,17.4,2.4,91.81818182,0.14427157
E02000548,Bedfont,29.37493134,14.7,25.5,33.1,15.8,4.1,53.63753767,0.117335474
E02000549,Feltham East,33.62984479,26.8,37.3,19.1,13.8,1.8,76.04060914,0.125945705
E02000550,Feltham Central,34.87455542,10.5,27.9,35.8,18.9,1.6,27.10613294,0.104999323
E02000551,Hanworth North,32.21499884,13.6,24.4,47.9,11,1.8,41.5760657,0.124917694
E02000552,Lower Feltham,28.24824583,20.8,41.5,10.5,23.1,1.4,39.17832168,0.159750112
E02000553,Hanworth South,22.57380772,25.6,37.6,23.5,10.4,1.9,78.90977444,0.148284898
E02006792,Chiswick Park,42.38055522,25,22.4,11.4,39.4,4.9,141.1316113,0.119574691
E02000554,Highcroft & Holly Park,35.18841211,7.5,16.4,54.1,20.4,2.9,16.33449764,0.133081761
E02000555,Archway East,32.96130952,13.9,22.7,37.5,23.6,3,59.67096774,0.144772408
E02000556,Tollington,34.50239808,10.9,19.5,35.9,31.5,3.5,58.26384568,0.131368151
E02000557,Archway West,34.82274742,9.7,15.9,47.5,24.2,3.6,48.44279661,0.140389241
E02000558,Finsbury Park West,42.42390079,5.3,8.3,64,20.4,3.1,41.74448217,0.113573971
E02000559,Gillespie Road,31.72704488,15.4,21.7,24.8,35.5,4.5,66.81652491,0.105291871
E02000560,Holloway Nag's Head,41.54889768,12.2,20.3,25.6,39.6,3.7,89.68102073,0.1162191
E02000561,Tufnell Park East,30.66098632,19,26,24.9,28.3,4.5,92.27488152,0.118335901
E02000562,Highbury,31.63599698,13.6,21.1,41.2,22.5,2.5,113.3078394,0.114157948
E02000563,Hilldrop,34.84562809,7.9,14.9,50.8,23.8,3.8,120.5676856,0.084534589
E02000564,Lower Holloway,39.02555301,7.9,15.4,36.2,34.5,5.8,58.76623377,0.157028852
E02000565,Newington Green,35.94723342,7.4,17.5,50.3,22,2.8,66.5095057,0.130573977
E02000566,Highbury Fields,31.52866242,18.4,22.1,29,28.6,5.4,39.53252033,0.113213368
E02000567,Canonbury East & Mildmay Park,30.23749759,9.8,19.4,43,25.7,3.8,30.49004594,0.135208438
E02000568,Caledonian Road,39.29350649,7,11.1,53.6,23.7,3.8,28.0674412,0.116607774
E02000569,Islington North & Canonbury West,30.55278388,12.3,13.8,49.6,21.4,4.6,46.78615071,0.138777642
E02000570,Barnsbury East,29.43702844,19.5,22.1,26,31.1,7,115.1640212,0.087016448
E02000571,Islington East & Arlington,29.88419873,9.4,17.1,51.5,19.4,2.2,42.77725564,0.110622872
E02000572,Barnsbury West,40.6720336,5.8,8.9,61.2,20.9,2.7,29.54901961,0.091683256
E02000573,Angel,34.33248789,18.6,19,28.6,31.6,6.1,28.16561014,0.139682093
E02000574,King's Cross & Pentonville,40.15998118,10.8,15.4,37.3,33.6,8.2,61.70462388,0.142601499
E02000575,Clerkenwell,41.28185718,12,16.1,36.9,32.8,10.1,157.5353218,0.097359243
E02000576,Old Street & St Luke's,40.24286323,7.1,10.5,57.5,22.6,6.8,166.1241611,0.106756893
E02000577,Golborne & Swinbrook,46.61758578,4,6.4,74.1,12.5,0.9,174.7004608,0.084586301
E02000578,Ladbroke Grove,37.16798896,5.5,7.1,72.5,9.7,1.9,125.1412429,0.117832957
E02000579,North Kensington,39.07845868,17.1,15.7,42.4,21.4,3.9,215.7796258,0.092301763
E02000580,Portobello,43.46620451,11.2,9.6,50.4,26.8,5.6,183.9861352,0.081292389
E02000581,Notting Dale,42.4499863,6.6,5.9,72,12.1,1.8,183.3996024,0.077615176
E02000582,Notting Hill Gate,51.16855986,26.7,13.9,12.7,43,10.7,140.7654723,0.109221335
E02000583,Notting Hill West,42.80432699,29.8,15.7,18.5,33.4,9.1,137.6697531,0.10862011
E02000584,Notting Hill South,52.76351186,33.5,14.2,7,39.8,13.8,149.5689655,0.091757925
E02000585,Holland Park,55.2480916,27.9,16.9,13.3,37.5,9.9,179.6658416,0.056003306
E02000586,Queen's Gate,61.42360664,29.1,13.4,4,47.3,15,176.6666667,0.076575086
E02000587,Kensington Abingdon,59.15193407,33.2,14.7,3.7,45,11,136.4428571,0.097790807
E02000588,Hans Town,61.00012256,26.3,10.7,3.2,51.5,25.6,174.939759,0.08815427
E02000589,Kensington Gardens,66.31927996,21.3,13.3,10.5,51.1,8.5,144.8615725,0.078357924
E02000590,Brompton,54.36920884,21.8,7.7,30.2,36.9,20.6,161.6428571,0.11117985
E02000591,Earl's Court,60.05318363,16.3,11.9,28.8,39.5,6.7,166.0898502,0.100981767
E02000592,South Kensington,62.31326727,28.6,13.1,5.1,49.2,12.4,187.5100402,0.099485971
E02000593,West Brompton,58.43389297,20.5,18.9,15.3,42.1,8,200.8496732,0.100119319
E02000594,Chelsea Manor & Royal Hospital,44.78764479,32,13.3,13.6,35.8,10.9,146.8689655,0.095229151
E02000595,Chelsea Riverside East,48.779157,33.2,13.9,14.5,34.6,10.5,160.7894737,0.078968903
E02000596,Fulham Road,49.26754048,29.8,16.9,9.3,40.7,10.2,167.4623656,0.056376011
E02000597,Chelsea Riverside West,44.55820477,17.1,12.9,45.1,22.4,6.4,160.8333333,0.076157579
E02000598,Tudor Drive,24.01429118,35.1,42.9,7.6,12.7,2.7,76.18828932,0.143309222
E02000599,Kingston Vale & Coombe Hill,40.02751032,42.5,35.8,3.1,16.5,5,111.4396887,0.167946927
E02000600,Kingston Hill,33.89665653,23.7,29,13.9,32,3.5,131.8330606,0.144754811
E02000601,Kingston North,27.06311846,21.4,34.4,13.6,28.4,4.5,197.2727273,0.144137225
E02000602,Kingston East & Norbiton West,32.02342918,14.3,25.1,32.8,25.2,2.6,145.6844548,0.192865106
E02000603,Norbiton East,35.71246819,20.5,31.7,24.9,20,3.6,149.2827869,0.163761153
E02000604,New Malden East,36.29163755,30.1,34.6,6.4,27,2.2,120.3472222,0.161713791
E02000605,New Malden West,31.1077197,35.5,39.9,5.6,17.6,3.2,89.67105263,0.169234532
E02000606,Kingston Riverside,33.3234392,21.3,28.5,6.7,42.1,4.6,88.10572687,0.16925
E02000607,Berrylands North,22.81446771,28.7,38.2,8.1,23.8,2.2,147.5619048,0.126500581
E02000608,Surbiton North,30.17303017,17.1,30,9.8,41.4,4.2,145.2490421,0.166578739
E02000609,Malden Manor,34.39558962,35.2,36.1,14.3,13,2.1,101.6688396,0.176711977
E02000610,Surbiton South,27.94599554,19.3,26.1,17.4,35.6,4.4,239.5148248,0.108822867
E02000611,Berrylands South,21.72842883,44.5,44.8,2.1,7.4,1.5,150.0433839,0.203701026
E02000612,Motspur Park,26.53213752,40.9,42.5,4.6,10.9,2.7,190.7479224,0.13331397
E02000613,Southborough,22.30582834,25.5,40.2,12,21.1,3,123.3862434,0.13836478
E02000614,Tolworth,32.07996192,27.7,41.9,9,19.3,3,164.8594378,0.131790499
E02000615,Hook,18.28403159,34.8,44.5,7.9,11.2,2.1,100.129199,0.238967742
E02000616,Chessington North,12.93317858,32.4,52.5,5.4,8.5,1.5,119.9370079,0.18539916
E02000617,Chessington South & Malden Rushett,16.76232869,27.3,41.8,20.2,9.2,1.7,140.8211679,0.143967863
E02000619,Lambeth Walk & North Kennington,39.83113981,10.1,15.5,53.8,17.7,5.3,180.2278481,0.174322236
E02000620,Kennington West & Vauxhall North,38.15368196,9.5,16.4,43.9,24.1,4.8,62.2406015,0.153660304
E02000621,Vauxhall South,44.7214498,10.3,16.7,31.9,35.3,5.9,20.48616125,0.181860902
E02000622,Oval,39.41191006,10.3,18.9,36.8,32.5,3.7,87.92760181,0.121655002
E02000623,Stockwell North,44.48060075,8,14.1,54.3,21.6,1.8,125.7983193,0.091219476
E02000624,Stockwell East,39.95737212,5.9,16.5,52.2,24.1,3.3,110.2782931,0.090006729
E02000625,Stockwell West,47.70960411,5.6,14.8,52.3,24.8,1.5,67.95162509,0.116129032
E02000626,Loughborough Road,44.58498976,3.6,12.7,66.2,15.1,2.1,60.96542727,0.134496041
E02000627,Stockwell South,41.36453871,8.7,16.1,41.4,29.6,2.2,58.02503477,0.174736337
E02000628,Brixton North,49.72767444,3.9,12.4,59.2,22.2,2.2,75.76769025,0.110396476
E02000629,Clapham North,36.26702092,10.2,21.9,28.5,36.6,1.9,55.96527778,0.10385904
E02000630,Clapham Old Town,33.8150289,15.2,22.5,25.4,34.3,3.1,92.07064555,0.095118402
E02000631,Herne Hill East,35.26947464,14.9,24.8,27.9,30.8,3.3,52.06919946,0.189576547
E02000632,Acre Lane,35.19335855,10.5,23.3,21.9,42.6,1.9,73.4950584,0.136308068
E02000633,Brixton Central,38.72946077,7.7,16.1,45.4,26.4,2,41.45636465,0.207562349
E02000634,Clapham Common North,39.27841075,8.9,16.3,43.7,28.7,1.7,43.76258612,0.215911843
E02000635,Poets' Corner & Brockwell Park,35.87419461,10,19.6,38.7,28.6,2,69.80881131,0.145629912
E02000636,Clapham South,30.68464459,21.3,31.1,13.8,32.6,2.2,31.59160176,0.123807482
E02000637,Brixton Hill East,35.68550708,13.9,25.9,21.3,37,2.6,47.67726161,0.166923077
E02000638,Brixton Hill West,39.00788038,8.8,21.6,38.7,27.2,2.4,45.73932927,0.164472588
E02000639,Clapham Park East & Streatham Hill North,47.05012933,7.6,14.7,50.9,24.8,1.4,12.56783493,0.147081975
E02000640,Clapham Park West,29.77090869,16.4,31.3,25.7,25.3,1.6,166.3868613,0.115047159
E02000641,Tulse Hill,41.06390249,6,16.2,58.5,16.9,1.7,146.3085399,0.082846921
E02000642,West Dulwich,29.48691317,14.9,24.7,32.2,26.2,1.7,170.5349794,0.076576577
E02000643,Streatham Hill,37.75839407,13.1,27.5,25.8,31.7,2,113.9666239,0.076255913
E02000644,Leigham Vale & Royal Circus,37.62180974,15,30.7,20.3,32.1,3.2,176.4488017,0.107791085
E02000645,West Norwood East,34.94456763,13.2,29.4,20.4,35.4,4.1,155.4782609,0.073378076
E02000646,Streatham Central,40.57669115,16.9,27.6,12.8,41.3,3.1,152.8288288,0.066965338
E02000647,West Norwood West & Streatham East,34.29211364,19.6,33.9,19.3,24.3,3.3,149.676259,0.069214131
E02000648,West Norwood South,33.19214478,9.3,22.4,49.3,16.3,2.1,188.5361217,0.077543612
E02000649,Streatham Green,41.48108398,10.7,26.9,15,45.5,7.7,147.6829268,0.08845995
E02000650,Gipsy Hill,29.49892241,9.6,26.5,37.3,24.8,2.6,140.7632399,0.070266681
E02000651,Streatham Common,40.04190432,17.7,29,16.4,34.3,5,118.3505155,0.075783972
E02000652,Streatham Vale,48.30911313,26.4,31.8,15.3,24.1,2,88.75117371,0.091409226
E02006801,"Lambeth North, Waterloo & South Bank",43.36097018,10.3,11.4,37.7,36.9,7.9,201.3627993,0.108926285
E02000653,Silwood & Pepys,45.50561798,4.9,12.9,53,23.3,2.4,174.5265152,0.059142702
E02000654,Deptford North,43.95086239,4.2,11.3,61.8,19.3,2.1,144.0095087,0.076923077
E02000655,New Cross Gate,45.13888889,6.7,22.6,34,33.9,2.6,129.9424184,0.091137371
E02000657,New Cross South,38.36748182,10,18.3,34.6,34.7,2,74.74658085,0.069960177
E02000658,Telegraph Hill,36.93769545,11.6,20.3,34.3,31.4,2.7,88.14935065,0.080908533
E02000659,Blackheath West,30.92113811,15.4,24.6,36.4,22.4,2.4,155.5993151,0.073951799
E02000660,Brockley East & St Johns,35.05818272,10.2,24.6,25.5,36.8,2.2,158.1021898,0.07156048
E02000661,Blackheath Village,27.34153264,21.1,25.4,20.9,31.7,2.1,138.6472603,0.071507966
E02000662,Brockley West,36.87654321,8.6,22.8,39,26.8,2,120.7334963,0.083839611
E02000663,Loampit & Hilly Fields,36.91965527,17.5,31.7,24.5,25.2,2.3,142.3934426,0.084734055
E02000664,Lewisham Central & Park,43.48307816,9.5,17.6,34.7,33.1,3.7,89.88929889,0.105090312
E02000665,Manor House,30.87417888,17.2,30.5,24.8,25.6,2.9,137.4322397,0.081897447
E02000666,Ladywell,33.97076902,16.9,32.4,22.8,25.2,1.4,99.18232044,0.08233066
E02000667,Crofton Park,31.359045,22.9,38.9,12.6,23.4,2.2,86.86672551,0.082097135
E02000668,Lee,26.54348806,26.9,34.2,16.8,20.7,2,109.3670886,0.095968364
E02000669,Hither Green,38.10853951,12.9,33.1,17.4,34.5,1.5,95.99793175,0.126683184
E02000670,Catford East & Mountsfield Park,39.51674568,15.3,27.6,28.1,27.7,1.7,118.5795455,0.095112602
E02000671,Honor Oak,29.08485065,16.2,34,19.8,27.5,2.4,131.1389961,0.069851318
E02000672,Catford Bridge,36.81508893,14.3,26.1,26,32.2,2,101.0103627,0.087201847
E02000673,Forest Hill West,29.31185213,20.2,32.8,18.8,26.9,2,81.75,0.108016601
E02000674,Corbett Estate,31.41609482,22.4,44.8,12.5,18.6,1.1,114.4104803,0.116793893
E02000675,Grove Park & Lee South,26.25548513,24.4,37.6,18.7,17.6,2.3,99.22942207,0.080656548
E02000676,Forest Hill East,29.69013354,16.3,36.3,20.9,25,2.7,174.0828402,0.052855201
E02000677,Culverley Green,33.07403806,23.2,40.9,12.6,21.4,2,93.12896406,0.07185017
E02000678,Further Green,27.17266305,15.7,34.9,31.3,16.7,2.4,95.24539877,0.06387547
E02000679,Perry Vale,31.24604681,16.2,27.7,31.8,21.1,1.8,114.2906178,0.068675543
E02000680,Upper Sydenham,33.29925515,15.4,25.6,35.1,21.6,2.7,113.5917313,0.087352138
E02000681,Bellingham & Perry Hill,29.24388436,15.8,31.4,36,15.1,1.1,80.86744639,0.092684103
E02000682,Forster Park & Southend,31.23009066,20.8,27.4,37,13.1,1.9,106.3669951,0.070279032
E02000683,Chinbrook,27.77777778,16.4,26.6,36.6,18.2,2.2,53.5042735,0.132733082
E02000685,Sydenham Wells,29.73043365,14.4,26.5,38.1,19.3,2.6,113.1428571,0.069100092
E02000686,Beckenham Hill,30.04041311,10.2,21.8,53.3,12.5,1.3,113.3689024,0.098426785
E02000687,Lower Sydenham,30.64597527,16.1,28.7,31.5,22.2,2.6,103.8260255,0.068660173
E02006783,Downham East,23.55715871,13.2,29.7,42,13.6,1.4,113.7880987,0.063647959
E02006784,Downham West,26.09050143,16.2,29.2,39.8,12.6,1.5,137.7777778,0.115645161
E02006798,New Cross & Deptford South,48.09220986,6.3,15.1,47.3,29.1,1.7,202.9107143,0.122590865
E02000689,Wimbledon Park & Durnsford Road,33.09518043,26.9,34.9,7,27.4,3.2,109.425,0.100297007
E02000690,Wimbledon Common,33.98161245,45.5,25.1,7.9,18.7,5.7,77.62605042,0.106495264
E02000691,Wimbledon Broadway North,37.06026725,22.4,30,8.8,36.6,3.3,95.37826685,0.097923277
E02000692,Wimbledon Hill,38.8018794,29.1,21.7,8.7,38.4,6.4,75.10406343,0.11942465
E02000693,Colliers Wood,45.89556307,15.7,33.7,8.4,40.2,2.2,129.8286604,0.079424115
E02000694,South Wimbledon,35.32646048,19.6,34.1,14.1,31,2.7,106.8488746,0.085164008
E02000695,Graveney,53.3848196,31.8,35,3.3,28.4,4.6,88.18913481,0.091946156
E02000696,Lavender Park,48.33994054,13.5,31.3,18.6,35,3.1,88.67126833,0.077551815
E02000697,Wimbledon Broadway South,37.71449434,22.5,30.3,4.2,41.8,2.7,82.94339623,0.096565059
E02000698,Cottenham Park,31.62743091,37.6,35.3,5.1,20.5,3.6,105.0977995,0.110968943
E02000699,Wimbledon Chase,34.12667447,26.8,37.6,5,29.5,2.6,61.98185625,0.131727088
E02000700,Merton Church Road & Phipps Bridge,43.79975875,13,26,33.7,25.3,1.6,110.7640751,0.094154665
E02000701,Mitcham East,46.99382129,20.8,33,16.1,26.8,2.7,72.0952381,0.123778071
E02000702,Lonesome,37.92877717,20.2,35.3,25.6,16.5,3.6,66.59244918,0.096961768
E02000703,Merton Park,32.38338658,40.7,36.1,4.4,17.6,3.4,89.45686901,0.105238095
E02000704,Raynes Park,38.90467579,22.8,31.2,14.1,30.7,2.5,99.3359375,0.092541618
E02000705,Rowan Road,41.62973904,31.2,46,4.6,16.4,4.6,64.60118168,0.121870356
E02000706,Mitcham West,43.32364904,12.6,25.2,41,18.4,2.6,76.29411765,0.113338473
E02000707,Pollards Hill,36.06732567,18.9,35.2,31.3,13.2,2.5,68.23774765,0.12056846
E02000708,West Barnes,33.22471639,34.6,43.9,3.6,16,2.8,87.90072389,0.117294118
E02000709,Cannon Hill,27.29515647,42.5,42.3,4.4,9.9,1.8,43.29867129,0.088592395
E02000710,Mitcham South,35.57449874,25.5,31.8,21.5,18.9,1.9,108.0952381,0.121323967
E02000711,Morden Central,40.62270164,20.7,31.4,22.2,24.4,2.3,81.70575693,0.097338205
E02000712,St Helier North,31.71431852,21.2,32.3,32.8,11.7,1.5,56.02217602,0.142751113
E02000713,Lower Morden,20.14686248,38.6,49,2.5,8.7,2.2,101.2667479,0.067717104
E02000714,Forest Gate North,51.14963728,14.6,22,28.1,31.7,1.6,43.17598769,0.095187166
E02000715,Little Ilford West,55.14157973,13.7,20.4,27.4,36.5,1,10.31099593,0.252423698
E02000716,Manor Park North,54.0250204,14.3,21.9,23.9,36.8,2.6,80.24784483,0.107560091
E02000717,Manor Park South,57.79533391,13.9,21.2,23.7,38.4,1.4,69.21328671,0.173402374
E02000718,Little Ilford East,50.59906487,10.9,20,43.9,22.8,1.3,91.03151862,0.089077746
E02000719,Forest Gate West,53.96786758,11.3,16.4,31.4,37.6,2.9,117.7002584,0.0935236
E02000720,Forest Gate East,53.06695176,21.2,26.4,15.3,35,1.2,105.1053284,0.130511672
E02000721,Forest Gate South,58.14795654,17.6,19,19.4,41.6,1.9,108.2726046,0.082637417
E02000722,Stratford East,54.72890834,11.2,15.9,28,40.4,2.5,77.91882556,0.081790979
E02000723,East Ham North,61.97169811,25.7,23.3,11.2,38,1.8,45.67521368,0.173527944
E02000724,Plashet East,59.19277748,21.8,26.7,11.2,38.3,1.6,88.97959184,0.116851762
E02000725,Stratford Central,53.92068499,7,12.9,32.9,40.2,1.8,91.06290672,0.095402573
E02000726,Olympic Park & Mill Meads,55.9154296,6.6,13,30.8,44.7,4.3,88.09822362,0.114814376
E02000727,Plashet West,63.66044551,20.2,20.1,14.9,42.9,1.8,56.07188703,0.101762821
E02000728,Wallend North,64.42202504,20.3,27.3,9.4,41,1.6,53.8779661,0.181703788
E02000729,West Ham Park,54.39265537,19.1,20.8,21.4,36,1.8,49.82645123,0.1265914
E02000730,Upton Park,62.1774911,23,20.9,14.4,40,3,68.63929147,0.135718475
E02000731,East Ham Central,64.77712697,17.8,22.6,13.7,44.4,1.1,103.6836283,0.09303318
E02000732,East Ham West,55.41897965,12.1,15.9,38.9,30.4,0.9,64.27586207,0.111453863
E02000733,West Ham & Stratford Park,49.68218167,8.1,18.1,45.3,26.2,2,50.71081409,0.150952438
E02000734,Plaistow North,50.91599058,9.4,12.6,49.7,23.2,1.5,44.531159,0.186633534
E02000735,Plaistow North East,59.20601424,15.8,21,28.2,32.7,1.8,26.58090515,0.161282799
E02000736,Wallend South,51.06755338,12,26.7,30.3,29.1,1.9,66.54395192,0.104888789
E02000737,East Ham South,49.86220055,17.1,29.2,27.1,24.9,1.1,53.80368098,0.135347777
E02000738,East Ham South West,52.72233377,20.2,34.7,10.6,32.8,0.7,47.87483703,0.1791939
E02000739,Plaistow Park,54.19205106,11.5,20.2,35,29.3,3.5,147.1766849,0.076361386
E02000740,Canning Town North,48.1486945,6.7,16.1,50.4,24.9,0.9,179.6018735,0.091015778
E02000741,Plaistow South,49.9334221,16.2,29.8,22.6,29.5,2.3,49.38658147,0.092896882
E02000742,Lonsdale Avenue,46.62086196,14.7,28.6,28.6,26.5,2.8,168.7775551,0.078009974
E02000743,Canning Town Central,48.57615052,8.3,15.2,50.4,23.4,1.3,119.024,0.074203522
E02000744,Canning Town East,46.94233404,10.4,17.9,30,39.7,1.4,124.3371758,0.089697532
E02000745,Beckton North,49.76047169,9.3,23.8,35.6,28.4,1.9,148.1142857,0.103266461
E02000746,Beckton,48.14413438,4.4,17.9,45.1,28,3.1,164.2542373,0.079351976
E02000747,Canning Town South & Bow Creek,48.82585008,5.5,12.5,36.9,39.7,4,187.3893805,0.075678867
E02000748,Beckton Park,52.37179487,11.2,28.7,22.3,35.6,2.4,158.9859155,0.095765415
E02000749,Custom House,42.14835635,6.7,16.2,53.2,19,1.1,200.8853119,0.08583734
E02000750,Royal Docks & North Woolwich,48.26294597,5.7,19.8,30.8,41.3,2.5,128.0327869,0.069240619
E02000751,Woodford Wells,18.8351564,45.2,36.2,4.4,12.5,3.5,78.00235363,0.024968883
E02000752,Hainault East,21.99559795,23.3,31.2,32.8,10.4,2.1,219.2911392,0.076656661
E02000753,Hainault West,22.35255784,25,36.9,20.8,14.5,2.2,124.9390244,0.09102001
E02000754,Woodford Green,23.16770186,28.3,40.2,15.2,14.5,2.4,103.9488636,0.095927849
E02000755,Woodford Bridge,19.73936374,30,41.3,12.1,15.2,1.4,180.55666,0.111759524
E02000756,Fairlop,25.11480602,30.1,39.6,9.7,18.4,2.5,189.0189329,0.08031324
E02000757,South Woodford High Road,22.11705453,26.9,35.3,8.2,26.1,3.1,180.3854875,0.084978001
E02000758,Clayhall North,30.33764488,36.5,38.5,12.4,11.5,2.3,136.9864865,0.09233501
E02000759,Roding,28.22152109,25,39.1,15.9,18.7,2.2,201.4473684,0.086740692
E02000760,Barkingside North,28.89176369,30.2,33.6,17,17,2.2,158.3394161,0.108101879
E02000762,Barkingside West,37.83783784,39.5,41.9,3.5,14,3.5,72.15936255,0.074646643
E02000763,Aldborough Hatch,36.90819861,28.2,38.6,13,17.3,2.1,120.5588585,0.089555183
E02000764,Snaresbrook,27.19764012,30.4,31.7,11.8,24.4,2.9,200.8278867,0.076914732
E02000765,Barkingside East,43.10808672,32.6,35.8,5.8,24.3,3.3,167.615894,0.083234558
E02000767,Newbury Park,39.71901261,27.9,36.1,9.7,22.6,2.5,56.49247823,0.081709881
E02000768,Wanstead,23.49823322,37.4,36.6,12.3,12.7,2,116.1772487,0.081748833
E02000769,Chadwell Heath West,31.6405976,26,39.3,10,21.3,1.8,111.0619469,0.079567445
E02000770,Seven Kings Park,47.60645332,27.4,35.3,6.8,28.9,2.5,162.3604466,0.084774067
E02000772,Goodmayes North,45.17996476,21.4,35.2,11.2,29.8,2.2,158.9799331,0.079099611
E02000773,Ley Street,47.4994564,22.8,36.6,12.7,24.3,2.4,113.6878453,0.076053942
E02000774,Seven Kings Meads Lane,50.27708507,25.9,31.7,4.7,36,1.5,19.99290109,0.063676175
E02000776,Ilford North East,46.46892655,28.7,29.9,5.4,34.2,3.6,74.28571429,0.066065853
E02000777,Wanstead Flats,22.09756927,31.4,37.8,16.2,13.4,2.1,48.61111111,0.075984556
E02000779,Ilford North West,53.39956135,17.1,21.2,11.6,48.1,2.7,60.39464412,0.082963827
E02000780,Ilford South East,55.59116323,20.1,25.3,10.7,41,3.1,49.6191052,0.038686487
E02000781,South Park,41.09128145,30.6,41.1,7.6,18.8,2,34.52357724,0.230124341
E02000782,Ilford South West,55.47421682,16.8,23.1,19.6,36,2.8,16.03603604,0.125255363
E02000783,Loxford Park,50.29634735,16.3,26.3,26.8,28.5,1.7,86.92612137,0.139778419
E02006800,Goodmayes South,46.26979876,23.8,33.5,8.5,32.1,1.7,262.72578,0.1364375
E02006924,Valentines Park & Cranbrook,44.49921753,30.2,38.1,5.3,25,2.5,29.93240557,0.166710946
E02006925,Clayhall South,38.77350653,36.6,44.2,4.9,13,1.9,32.69134428,0.131619275
E02000784,North Barnes,32.17788135,31.8,25.7,17.9,22.7,5.9,53.89294404,0.138600451
E02000785,Kew Gardens,28.45796802,34.5,29.4,6.3,28.5,5.1,41.55274889,0.155015198
E02000786,Mortlake & South Barnes,25.63421559,26.5,31.6,16,24.3,3.2,38.56427379,0.142063492
E02000787,North Sheen,30.95282318,21.5,30,20.2,25,3.7,85.37533512,0.137698226
E02000788,East Sheen North,24.04509894,30.6,35.9,8.9,23.2,3.1,55.14385353,0.159683794
E02000789,Queen's Road,30.64880568,26.2,24,19.7,28.8,4.6,56.81313993,0.116768041
E02000790,St Margarets,22.50928468,28.6,39,4,26,3.7,69.51876805,0.150768379
E02000791,Richmond Central,36.58139156,28.3,22.1,7.3,39.8,7.3,83.2,0.167668269
E02000792,Twickenham Marble Hill,28.34454142,27.3,31.5,5.7,33.8,4.6,9.862960569,0.129767991
E02000793,Whitton,23.94730362,32.6,37.9,11.6,16.1,2.6,62.5427996,0.177602447
E02000794,Twickenham North,23.25616583,32.6,41.5,3.4,20.4,2,96.61623109,0.138240319
E02000795,"Richmond Park, Sheen Gate & Petersham",26.02203537,42.7,32.3,9.2,13.5,3.6,96.06613455,0.132700297
E02000796,Heathfield,26.6265878,31.9,33.4,21.2,11.4,2,34.27310182,0.171217585
E02000797,Twickenham Town,20.79094426,23.1,39,6,29.8,2.6,104.4583884,0.100474233
E02000798,Twickenham West,21.1056231,27.9,43.8,11.5,15.3,2,69.69098712,0.119472841
E02000799,Strawberry Hill,19.23616524,33.5,38,7.7,19.3,2.8,64.53314326,0.091451292
E02000800,Ham,29.1087963,28.4,31.7,24.8,12.4,1.8,106.092437,0.092376238
E02000801,Teddington North,16.67675545,30.8,41.8,4.8,20.8,3.5,111.3254786,0.112581029
E02000802,Hampton Hill,16.64443456,31.3,40,8.5,19.3,2.8,116.4833333,0.103591358
E02000803,Nursery Lands & Hampton North,20.09161606,29.5,32.6,22.5,12.4,2.3,17.21634753,0.166832669
E02000804,Teddington Central,18.35068956,29.1,34.1,11.2,24.4,3.1,100.3658537,0.08726389
E02000805,Hampton Wick & Teddington East,20.25242149,29.9,32.4,15.1,20.2,5.6,140.0944138,0.079467595
E02000806,Hampton Village,16.69504256,32,36.2,13.8,15.8,3.6,80.36093418,0.121928666
E02000807,Rotherhithe,44.28004331,12.1,28.5,19.3,35.2,3.5,153.9255014,0.078927774
E02000808,Borough & Southwark Street,40.30982202,8.4,15.5,37.5,33.3,5.6,137.7954145,0.080378856
E02000809,Bermondsey North,41.50798395,10.9,22.3,19.2,44.7,11,88.01944107,0.092628382
E02000810,Bermondsey East,37.87182852,6.4,15.4,52.2,18.6,3.3,57.21945137,0.142296797
E02000812,London Bridge & Bermondsey West,42.32264334,5.5,15.2,50.1,25.3,2.5,56.32022472,0.157890987
E02000813,Canada Water,41.11279246,6.1,14.3,54.9,21.3,3,38.25018896,0.180416955
E02000814,Surrey Quays,44.81044845,11.9,24.1,23.3,37.6,4.3,24.80295567,0.176365442
E02000815,Elephant & Castle,46.03663229,6.7,14,38.2,34.3,3.7,62.899729,0.146660922
E02000816,South Bermondsey Central,37.35486011,6.7,16.1,48.9,22.6,2.3,69.56842703,0.128724186
E02000817,South Bermondsey East,36.66461349,4.2,8.7,71,13.7,2.1,83.9078341,0.150373462
E02000818,Walworth North,40.88133793,4.8,12.1,50.8,28.7,2.3,36.07843137,0.163647343
E02000819,South Bermondsey West,42.89837643,4.9,12.1,60.2,20.5,1.3,83.62155388,0.114790949
E02000820,"Newington, Kennington East & Walworth West",41.91461837,7.5,14.7,50.6,24.2,4.5,65.64905998,0.148097641
E02000821,Burgess Park,47.0426902,4.9,8.6,67.9,16.9,1,59.03614458,0.169251701
E02000822,Walworth South,45.74035261,3.3,7.7,71,16.5,1.6,62.84099472,0.167166327
E02000823,Burgess Park West & John Ruskin Street,43.37255916,8,17.1,50.7,21.8,4.4,48.16382253,0.140022676
E02000824,Peckham Park Road,47.2826087,4.3,9.9,70.5,12.9,0.9,5.946863102,0.188448156
E02000825,Peckham North West,48.23297751,2.2,13.6,65.7,15.3,1.1,56.43828452,0.161245482
E02000826,Camberwell North,42.5180018,6.5,17,55.1,18.5,0.9,87.59036145,0.122420908
E02000827,Camberwell Green,49.56076841,4.4,9.8,64.2,18.9,0.9,45.1465798,0.13510101
E02000828,Peckham North,48.61028272,6,14.2,56.4,19,1.3,48.5502728,0.160218334
E02000829,Queens Road Peckham,43.39204928,7.9,18.9,48.9,21.1,1.1,29.97815401,0.165603935
E02000830,Camberwell South,34.32919955,14,26.9,30.8,25.7,2.5,73.16801619,0.144279983
E02000831,Peckham Rye,33.94113884,13,25.8,32.4,24.2,3.1,47.8137931,0.18029713
E02000832,Nunhead North,35.87349398,8.1,20.2,50.3,17.1,1.2,48.56410256,0.185427666
E02000833,North Dulwich,39.44551902,11.3,22.6,49.1,15,2.1,19.56521739,0.169734151
E02000834,Peckham Rye Common,27.32905751,14.2,29.7,23.2,31,3.7,41.70375775,0.155279503
E02000835,Nunhead South & Newlands,29.75400774,17.9,33.2,28.6,18.6,2,15.00072706,0.197072509
E02000836,East Dulwich,24.95145631,19.6,37.6,18.2,23.1,3.8,133.5533708,0.075297087
E02000837,Herne Hill & Dulwich Park,21.24380848,32.4,35.7,12.5,18.2,3.3,109.5028681,0.063296665
E02000838,Dulwich Hill,27.01525054,17.1,34.6,22.6,24.1,2,186.8668407,0.045130641
E02000839,Sydenham Hill,30.42558487,24.5,28.9,24.7,18.7,2.2,196.6666667,0.069054844
E02006802,Southwark St George's,40.9285993,8.8,15.2,47.5,25,4,104.6217712,0.130676307
E02000840,Middleton Circle,19.99755232,11,31.2,46.7,9.4,1.3,154.0740741,0.083949704
E02000841,St Helier South,23.86194244,12.3,30.9,41.6,12.8,0.6,121.5324385,0.074551312
E02000842,Stonecot,20.04956953,38.1,44.9,4.8,10.9,1.7,105.3509664,0.072421784
E02000843,Hackbridge,18.13208806,21.5,43.2,14.2,19.1,1.4,172.1852732,0.049248172
E02000844,The Wrythe,16.44170202,22.4,43.2,22.3,10.9,1,139.3815789,0.082507316
E02000845,Worcester Park East,22.29615428,27,46.3,7.4,18,1.5,110.0755287,0.116508851
E02000846,Sutton North,20.60116263,33.5,45.7,7.2,12.3,1.5,145.7191781,0.096474736
E02000847,North Cheam West,17.11752671,42.1,43,4.5,9.3,1.7,164.3947858,0.081558677
E02000848,North Cheam East,14.91950818,37.7,50.4,1.3,9.9,1.2,233.6666667,0.082168331
E02000849,Wallington North,15.83166333,26.6,42,15.6,14.1,1.4,110.5571031,0.08856135
E02000850,Beddington,16.55834708,31.4,48.5,9,10.1,1.6,150.7098121,0.073555894
E02000851,Sutton Central,28.19927971,19,28.5,25.5,23.3,2.2,138.9285714,0.096792221
E02000852,Sutton East,18.4826473,28.4,46.3,6.3,18.1,2,100.7921811,0.091864857
E02000853,Sutton West,20.75869336,25.7,46,10.5,16.8,1.7,178.5928705,0.075217985
E02000854,Carshalton Village,13.75862555,32.6,41.9,8.4,16.2,1.5,169.0181818,0.088640275
E02000855,Cheam High Street,16.12944651,39,42.3,3.2,14.4,1.9,163.3627019,0.083865169
E02000856,Wallington South,19.10469667,29.1,41.6,6.4,21.5,6.6,135.3459119,0.084223978
E02000857,Sutton South West,32.10626186,25.6,30.2,7.2,36,3.9,146.2247475,0.087902599
E02000858,Roundshaw,19.50331556,12.4,20.6,54.8,7.6,3.3,110.8971292,0.092115198
E02000859,Carshalton on the Hill,16.6809553,36,35.8,13.8,13.2,2.4,123.6104218,0.089531266
E02000860,Sutton South & Shanklin,30.2974467,19.8,25.1,19.7,34.3,4.4,127.1276596,0.107019991
E02000861,Carshalton Beeches & Banstead Road,16.71335201,45,42.9,3,8.2,1.9,105.3026634,0.075994481
E02000863,"Orchard Hill, Woodcote Green & Clockhouse",16.63263703,38.2,45.1,9,6.9,1.2,81.28500824,0.095865424
E02006836,Belmont & South Cheam,21.19709794,43.5,40.5,1.6,12.9,3.1,184.6950092,0.120396317
E02000864,Bow North & Fish Island,30.63757985,7,11.6,57.2,21.4,1.8,53.44520548,0.089965398
E02000865,Bethnal Green North East,37.4982272,6.1,11.2,55.4,24.1,1.3,113.2142857,0.094987732
E02000866,Bow West,29.26930242,14.1,20,36,27.3,2.1,39.5548089,0.134211085
E02000867,Bow South,34.2280504,7,19,32.7,35.9,6.1,91.73831776,0.101263244
E02000868,Bethnal Green North West,40.0331725,9.4,16.8,35.9,35.9,1.2,30.77842143,0.125749912
E02000869,Columbia Road,39.56178791,10.5,17,46.9,23.8,2.3,120.884058,0.071334372
E02000870,Bethnal Green East,35.00077196,9.8,16.7,45.5,24.8,1.2,63.5380117,0.101472618
E02000871,Bromley-by-Bow East,44.44185776,4.4,11.3,55.7,23.8,2.1,80.08658009,0.107891892
E02000872,Brick Lane North,42.52766298,7.3,14.4,40.6,35.5,2,49.20889988,0.166289877
E02000873,Mile End West,44.81808791,8,15.7,46.4,26.7,1.7,67.66823161,0.100948196
E02000874,Bethnal Green Central,44.64861832,6.6,12,53.2,25.8,3.5,83.77843719,0.118299882
E02000875,Bromley-by-Bow West,41.54661017,4.7,11.4,54,26.9,2.4,66.36122178,0.114668801
E02000876,Bethnal Green South,46.34077021,8,15.7,37.4,36.6,2.9,55.73938507,0.172839506
E02000877,Mile End East & Burdett Estate,44.45577884,5.9,13.1,53.8,25.6,4.9,61.80402336,0.209365813
E02000878,Spitalfields,50.6708147,9.7,16,31.9,40,5.4,70.2175805,0.148859693
E02000879,Stepney Green,40.96148808,9.7,14.6,46,26.4,1.9,67.47068677,0.152805362
E02000880,Whitechapel,46.19113573,8,16.1,43.4,29.7,2.5,21.82730924,0.150413983
E02000881,Poplar Leaside,39.09393545,8.3,13.6,54.3,18.4,4.3,90.58669002,0.12160464
E02000882,Limehouse North & Stepney East,38.80753138,4.9,9.9,61.9,12.9,1.7,84.87341772,0.137086751
E02000883,Poplar Central,39.88679245,6.2,9,60.1,21.6,1.9,65.02407705,0.136139225
E02000884,Aldgate,50.4842615,6.9,11.6,26.9,51.1,5.8,46.94529809,0.156585494
E02000885,Shadwell North,44.27846265,6.1,10.7,56.6,21.3,2.5,43.43716434,0.200049456
E02000886,Limehouse East,45.45454545,11.2,21.3,30.9,34.1,5.8,74.1660016,0.154847735
E02000887,Poplar West,42.39030023,6.7,12.7,51.6,25.5,1.6,86.08823529,0.156360323
E02000888,Shadwell Basin & Ratcliffe,45.83079732,8.5,18.9,32.1,34.6,5.6,54.73581213,0.115361697
E02000889,St George in the East & Wapping North,42.6541717,12.6,20.4,29.6,33.7,4.6,50.84161309,0.205081044
E02000890,Tower Hill & Wapping South,40.12079379,19.9,26.3,11.6,39.5,9.6,97.58816837,0.134879925
E02000891,Blackwall & Leamouth,53.02886891,7.9,15.6,24.3,47.3,9.7,30.6323185,0.218017329
E02000893,Mudchute,40.26242076,10.5,20.4,37.1,29.6,4,10.43875686,0.193374197
E02000894,Millwall South,48.96912301,9.9,23.1,16.8,47.5,5.1,25.59184897,0.232435597
E02006853,Millwall North,52.20838052,7,14.6,31.6,42.2,14,87.44779582,0.093216591
E02006854,Canary Wharf,57.55566888,10.3,15.8,14,55.4,12.6,214.0331492,0.114438135
E02000895,Chingford Green West,17.09487404,34,32.7,22.6,8.9,1.6,85.53090333,0.085788401
E02000896,Chingford Green East,13.02473338,36.8,36,10.2,15.6,2.4,180.6896552,0.079914122
E02000897,Friday Hill,17.12269407,27.5,31.9,29.8,9.4,1.6,96.36684303,0.09443631
E02000898,Larkswood,16.77419355,29.6,37.7,22.5,8.4,1.1,158.2200247,0.052421875
E02000899,Chingford Mount,21.95707071,34.8,39.9,11.3,13,1.3,208.0222841,0.062667381
E02000900,South Chingford,27.2007913,28.3,37.5,19.5,13.2,0.5,207.0186335,0.095259526
E02000901,Highams Park East,16.45502081,30.6,42.9,11.5,13.3,1.9,175.6962025,0.081268012
E02000902,Highams Park West,29.46179079,24.4,37.1,20,16.4,2.4,173.7668161,0.064086022
E02000903,Higham Hill,37.78613292,13.4,29.6,37.2,17.3,1.5,199.059081,0.055183027
E02000904,Fulbourne Road & Walthamstow Forest,34.92950899,22.3,39,13.9,22.8,3,219.8613861,0.052598397
E02000905,Lloyd Park,40.02502868,17.9,35.2,18,26.4,1.9,237.2011662,0.05653884
E02000906,William Morris,42.12802768,15.7,31.7,23.5,27.1,1.4,207.2305389,0.050133642
E02000907,Wood Street,40.89817964,10.6,19.8,47,20.4,1,150.148423,0.049919684
E02000908,Blackhorse Road,44.92202358,12.8,30.8,22.1,30.8,1.4,164.9009901,0.057790453
E02000909,Upper Walthamstow,35.27777778,19,32.8,19.1,26.9,1.8,187.9937304,0.067116892
E02000910,Walthamstow Central,47.34529819,17.8,28.5,15.3,36.2,1.8,210.4054054,0.102547634
E02000911,Walthamstow Market & South Grove,47.75570272,14.1,26.5,21.9,34.6,2,180.7258065,0.066041946
E02000912,Markhouse & St James Park,43.74323447,18.3,28.4,24.8,25.7,2.1,134.964539,0.06074619
E02000913,Whipps Cross,44.452102,26.2,29.2,12.2,30.1,2.5,186.445993,0.067650906
E02000914,Baker's Arms,50.93449122,13.1,18.1,35.9,30.3,1.9,189.6617336,0.08360272
E02000915,Leytonstone North,40.09024644,18.4,26,18.2,36,2.8,253.3516484,0.044169739
E02000916,Lea Bridge,49.014233,15.3,31.5,13.2,37,2.7,228.1360947,0.100765141
E02000917,Leyton North,49.5038709,15.6,29.3,10.7,43.4,2,193.7627812,0.06828496
E02000918,Leytonstone East,44.21433268,14.6,23.5,27.4,31.2,2.5,195.9005146,0.062253743
E02000919,Leyton East,54.79882876,19.8,25.9,10.3,42.5,2.3,196.3377609,0.054508553
E02000920,Leyton South,51.94640785,15.4,17.9,31.3,32.8,2,149.6551724,0.070046083
E02000921,Leytonstone South West,48.17743841,10.2,17,41.5,30,2.1,121.2966252,0.101625421
E02000922,Leytonstone South East,50.31835028,14.9,28.8,19.4,35.1,2.1,133.5058978,0.0349973
E02000923,Battersea Park,39.77789671,25.9,24.5,12,34.1,7.9,113.2590529,0.083005411
E02000924,Nine Elms & Patmore,46.14140688,9.6,15.9,36.8,31.2,6.2,219.1788321,0.057613854
E02000925,Battersea Latchmere,37.9332314,12.5,17,46.7,21.8,2.8,222.12,0.042139384
E02000926,St Mary's & Cotton Row,38.8652641,16.6,24.6,18.3,36.4,6.9,91.77437021,0.037593985
E02000927,Lavender Hill East,26.64212077,11.4,21.8,39.6,25.7,2.4,37.3005016,0.23007335
E02000928,Putney Embankment & Lower Common,26.67297233,28.4,30.5,10.3,29.5,3.7,32.13930348,0.205661212
E02000929,York Gardens,41.98158582,8,13.7,57.2,17.2,2.6,45.44875199,0.175508296
E02000930,Lavender Hill West & Little India,33.7122778,15.2,26.7,16.8,39.6,3.6,51.56005222,0.184960122
E02000931,Clapham Common West,29.11257966,22.1,35.5,7.7,33.9,4.3,71.95344971,0.176756007
E02000932,Putney Town & Wandsworth Park,36.94638695,18.6,28.7,6,43.1,4.5,56.47778493,0.13943678
E02000933,Putney West,34.11912083,29.3,25.6,11.1,32.2,4.2,59.36009308,0.143963152
E02000934,Clapham Junction & East Hill,31.3014827,14,27.3,22.2,33.3,4.1,80.60032895,0.112029385
E02000935,Roehampton North West,35.72262774,11.8,10.5,57,18.4,1.9,50.4069176,0.089606458
E02000936,East Putney,40.66026411,22.3,21.9,13.9,39.5,3.5,60.71967101,0.09177108
E02000937,Wandsworth Common,25.1941999,24.2,33.7,12,28.7,3.3,98.8465205,0.076381522
E02000938,Roehampton North East,37.71213074,19.8,22.6,32,21.8,5.4,154.368932,0.081551363
E02000939,Nightingale Lane,26.06676707,31.5,34.4,11.2,21.4,3.2,122.4272931,0.090269529
E02000940,Wandsworth South,38.86407147,11.3,25.4,29.4,29,3.7,54.31663837,0.07189185
E02000941,Earlsfield North,26.48626899,19.3,37.1,14.1,28.3,3.5,64.84913793,0.100254791
E02000942,Southfields North,35.51991723,26.4,34.7,6.4,30.5,3.7,136.346397,0.088734353
E02000943,Balham,29.01690074,19.3,29.9,11.8,36.9,4.1,133.3670034,0.084069679
E02000944,West Hill North,43.46378018,12.6,20.4,34.7,29.4,2.9,37.556,0.114708702
E02000945,Roehampton South & Putney Vale,40.57742782,12.6,19,40.3,26.4,2.1,86.75496689,0.11134133
E02000946,Earlsfield South,33.5645253,15.2,32.5,19.6,29.6,2.3,160.5571429,0.08719637
E02000947,Merton Road,32.5648415,20.6,38,9.2,30.2,2.7,62.17012726,0.095345831
E02000948,Tooting Bec Common,29.72562519,15.6,31.2,12.2,39,3.7,44.58839406,0.079297821
E02000949,Springfield,25.4563998,24.7,33,7.1,32.8,4.4,152.4005891,0.067162737
E02000950,West Hill South,44.56320929,21.8,28.3,16,32,3.1,117.755102,0.087878479
E02000951,Tooting Bec West,30.36090226,19,26.2,15.2,38,4.3,178.0604982,0.092035575
E02000952,Tooting Bec East,30.12625859,16.8,26.8,20.5,34.9,3.9,59.12421294,0.081130797
E02000953,Summerstown,32.12874082,14.1,33.6,23.8,27.2,2.1,134.3095238,0.083495834
E02000954,Upper Tooting,42.52605382,25.3,29.4,11.7,32.1,4.2,168.2695253,0.082635602
E02000955,Tooting North,42.43372058,19.3,23.8,25.4,29.9,4.8,76.53594771,0.150786873
E02000956,Tooting West,44.21804023,12,19.8,22.6,43,3.4,73.04648863,0.068720379
E02000957,Tooting East,45.63225989,16.6,26.3,13.3,40.5,3.5,182.5339367,0.091844323
E02000958,Furzedown West,34.01039778,24.8,36.6,15.1,21.8,4,180.1428571,0.094722002
E02000959,Furzedown East,39.8728052,15.6,30.8,18.4,32.6,6.3,162.6444444,0.108758027
E02000960,St John's Wood North,56.75226586,29.7,13.7,10.5,41,14.4,91.36170213,0.129017233
E02000961,Abbey Road,51.78987503,21.5,16.7,20.6,38.6,6.3,186.3027295,0.100426212
E02000962,St John's Wood South,60.80705009,20.6,11.9,24.7,38.9,12.3,135.3267571,0.058041002
E02000963,Queen's Park Gardens,42.53594519,9.6,13.9,56.9,17,2.9,121.7713568,0.062622511
E02000964,Maida Hill,47.81257471,7.9,13.5,47.1,29.2,2.6,93.34648777,0.081931174
E02000965,Maida Vale,49.55372667,14.5,21.3,18,44,3.7,83.77674419,0.145347546
E02000966,Little Venice,52.69880511,23.3,19.7,12.4,41.8,8,127.6305732,0.074059287
E02000967,Regent's Park,62.62861847,25.4,14.8,5.1,50,17,49.87394958,0.099550688
E02000968,Church Street,52.63267865,9.2,8.1,55,24.9,3,102.7494457,0.124082866
E02000969,Westbourne,51.94554615,8,9.5,54.9,23,1.6,69.27066451,0.073350491
E02000970,Marylebone & Park Lane,58.37693421,20.6,10.2,10.4,53.3,22.1,64.15909091,0.126904003
E02000971,Bryanston & Dorset Square,60.33539486,18.1,11.9,8.5,57.7,17.6,115.0274725,0.11177454
E02000972,Fitzrovia West & Soho,55.87423497,12.1,9.8,27.5,46.1,13,122.4393723,0.081323547
E02000973,Westbourne Grove,52.76511397,18.7,16.2,25.1,37.4,5.4,98.44486334,0.088080421
E02000974,Paddington & St George's Fields,63.11121219,21.1,12.2,10.4,51.2,20,95.14342235,0.116124337
E02000975,Bayswater East,64.78245975,17.5,14,7.8,57.5,11,126.0764873,0.082125604
E02000976,Queensway,66.08686909,17.7,13,11.9,53.9,9.8,124.8634812,0.096760968
E02000977,"Strand, St James & Mayfair",54.17890521,16.8,8.5,22.2,46.5,26.7,37.71493213,0.096820636
E02000978,"Knightsbridge, Belgravia & Hyde Park",59.63322546,34.3,11.8,3.9,39.4,28.6,80.4315197,0.080709121
E02000979,Central Westminster,46.38039847,21.1,10.4,28.2,34.3,14.4,109.0876351,0.089358424
E02000980,Millbank,44.01197605,16.6,13.1,41.1,25.4,9.6,74.53654861,0.081993732
E02000981,Pimlico North,42.92069848,20,15.7,24.2,36.9,7.5,70.77912795,0.101191678
E02000982,Victoria,45.45344031,14.6,9.6,45.6,26,11.2,88.14901048,0.114764923
E02000983,Pimlico South,41.30898743,14.6,9.2,34.4,39.7,10.8,130,0.100844278
,,36.20899038,21.67599186,27.66073245,23.68382503,24.44120041,3.324008138,,
